Subject,Catalog,Section,Component,Session,MinUnits,Units,TotEnrl,CapEnrl,Instructor,Capacity,Room,Mtg Start,Mtg End,Days,Start Date,End Date,Term,Campus,Class Nbr,Total Credits,DUP,FULL,OVER
AIR, 154,01HL,LAB,1,0,0,14,20,"Scott,Terrence D",28,313,9:00:00 AM,10:40:00 AM,W,1/9/2023,5/6/2023,2232,MAIN,24301,0,,,
AIR, 154,DR01,DED,1,3,3,14,20,"Scott,Terrence D",30,TUAL,9:00:00 AM,10:40:00 AM,M,1/9/2023,5/6/2023,2232,MAIN,24016,42,,,
AIR, 155,50HL,LAB,1,0,0,7,20,"Mims,Craig A",28,313,7:00:00 PM,8:50:00 PM,R,1/9/2023,5/6/2023,2232,MAIN,30481,0,,,
AIR, 155,DR50,DED,1,3,3,7,20,"Mims,Craig A",30,TUAL,5:00:00 PM,6:50:00 PM,T,1/9/2023,5/6/2023,2232,MAIN,30480,21,,,
AIR, 158,DR01,DED,1,2,2,9,20,"Mims,Craig A",30,TUAL,11:00:00 AM,12:40:00 PM,M,1/9/2023,5/6/2023,2232,MAIN,24088,18,,,
AIR, 181,20HL,LAB,1,0,0,12,20,"Scott,Terrence D",28,313,11:00:00 AM,1:40:00 PM,R,1/9/2023,5/6/2023,2232,MAIN,30479,0,,,
AIR, 181,DR20,DED,1,2,2,12,20,"Scott,Terrence D",30,TUAL,11:00:00 AM,11:50:00 AM,T,1/9/2023,5/6/2023,2232,MAIN,24609,24,,,
AIR, 235,20HL,LAB,1,0,0,9,20,"Scott,Terrence D",28,313,9:00:00 AM,10:40:00 AM,R,1/9/2023,5/6/2023,2232,MAIN,24303,0,,,
AIR, 235,DR20,DED,1,3,3,9,20,"Scott,Terrence D",30,TUAL,9:00:00 AM,10:40:00 AM,T,1/9/2023,5/6/2023,2232,MAIN,23776,27,,,
AIR, 297,DR01,COP,8W1,3,3,2,20,"Mims,Craig A",30,TUAL,4:00:00 AM,5:50:00 AM,MTW,1/9/2023,3/4/2023,2232,MAIN,23943,6,,,
AIR, 297,DR02,COP,8W2,3,3,2,20,"Mims,Craig A",30,TUAL,4:00:00 AM,5:50:00 AM,MTW,3/13/2023,5/6/2023,2232,MAIN,24063,6,,,
ARC, 133,D01,DED,1,3,3,5,25,"Kennedy,James L",30,TUAL,,,,1/9/2023,5/6/2023,2232,MAIN,24557,15,,,
AUT, 101,20H,LEC,1,3,3,8,24,"Staff,Tba",24,504,1:00:00 PM,3:00:00 PM,TR,1/9/2023,5/6/2023,2232,MAIN,40703,24,,,
AUT, 125,01H,LEC,1,3,3,7,24,"Burge,Mark D",24,504,8:00:00 AM,10:30:00 AM,MW,1/9/2023,5/6/2023,2232,MAIN,24097,21,,,
AUT, 236,20H,LEC,1,4,4,11,24,"Burge,Mark D",24,504,8:00:00 AM,11:00:00 AM,TR,1/9/2023,5/6/2023,2232,MAIN,25542,44,,,
AUT, 245,40H,LEC,1,4,4,10,24,"Staff,Tba",24,504,6:00:00 PM,9:00:00 PM,MW,1/9/2023,5/6/2023,2232,MAIN,23899,40,,,
AUT, 251,01H,LEC,1,4,4,8,24,"Burge,Mark D",24,504,1:00:00 PM,4:00:00 PM,MW,1/9/2023,5/6/2023,2232,MAIN,24098,32,,,
AUT, 267,50H,LEC,1,4,4,6,24,"Henson,Johnny Tyler",24,504,6:00:00 PM,9:00:00 PM,TR,1/9/2023,5/6/2023,2232,MAIN,23703,24,,,
BIO, 100,D01,DED,1,3,3,12,24,"Ouellette,Donald Edward",30,TUAL,,,,1/9/2023,5/6/2023,2232,MAIN,24242,36,,,
BIO, 101,01H,LEC,1,4,4,34,36,"Mead,Jaime Ann",48,421,9:30:00 AM,10:45:00 AM,MW,1/9/2023,5/6/2023,2232,MAIN,23551,136,,,
BIO, 101,01HL,LAB,1,0,0,12,24,"Jeffery,Carol Janette",24,435,8:00:00 AM,10:50:00 AM,M,1/9/2023,5/6/2023,2232,MAIN,23556,0,,,
BIO, 101,01W,LEC,1,4,4,38,40,"Houle,Melanie Sue",40,327,9:30:00 AM,10:45:00 AM,MW,1/9/2023,5/6/2023,2232,HT,23694,152,,,
BIO, 101,01WL,LAB,1,0,0,22,24,"Houle,Melanie Sue",32,329,11:00:00 AM,1:50:00 PM,M,1/9/2023,5/6/2023,2232,HT,24245,0,,,
BIO, 101,02H,LEC,1,4,4,30,36,"Jeffery,Carol Janette",48,421,11:00:00 AM,12:15:00 PM,MW,1/9/2023,5/6/2023,2232,MAIN,23552,120,,,
BIO, 101,02HL,LAB,1,0,0,24,24,"Evans,Ann S",24,435,2:00:00 PM,4:50:00 PM,M,1/9/2023,5/6/2023,2232,MAIN,23554,0,,FULL,
BIO, 101,02WL,LAB,1,0,0,14,24,"Houle,Melanie Sue",32,329,11:00:00 AM,1:50:00 PM,W,1/9/2023,5/6/2023,2232,HT,23697,0,,,
BIO, 101,03HL,LAB,1,0,0,24,24,"Martin,Jennifer M",24,435,11:00:00 AM,1:50:00 PM,W,1/9/2023,5/6/2023,2232,MAIN,23616,0,,FULL,
BIO, 101,20H,LEC,1,4,4,35,36,"Song,Pengfei",44,426,11:00:00 AM,12:15:00 PM,TR,1/9/2023,5/6/2023,2232,MAIN,23553,140,,,
BIO, 101,20HL,LAB,1,0,0,16,24,"Houle,Melanie Sue",24,435,8:00:00 AM,10:50:00 AM,T,1/9/2023,5/6/2023,2232,MAIN,25543,0,,,
BIO, 101,21H,LEC,1,4,4,22,32,"Martin,Jennifer M",48,421,12:30:00 PM,1:45:00 PM,TR,1/9/2023,5/6/2023,2232,MAIN,23608,88,,,
BIO, 101,21HL,LAB,1,0,0,18,24,"Mead,Jaime Ann",24,435,8:00:00 AM,10:50:00 AM,R,1/9/2023,5/6/2023,2232,MAIN,23664,0,,,
BIO, 101,22HL,LAB,1,0,0,19,24,"Staff,Tba",24,435,2:00:00 PM,4:50:00 PM,R,1/9/2023,5/6/2023,2232,MAIN,24091,0,,,
BIO, 101,30H,LEC,1,4,4,5,24,"Song,Pengfei",44,426,11:00:00 AM,1:50:00 PM,F,1/9/2023,5/6/2023,2232,MAIN,23618,20,,,
BIO, 101,30HL,LAB,1,0,0,16,24,"Staff,Tba",24,435,8:00:00 AM,10:50:00 AM,F,1/9/2023,5/6/2023,2232,MAIN,23555,0,,,
BIO, 101,30W,LEC,1,4,4,0,0,"Staff,Tba",40,328,8:00:00 AM,10:50:00 AM,F,1/9/2023,5/6/2023,2232,HT,23695,0,,FULL,
BIO, 101,30WL,LAB,1,0,0,0,0,"Staff,Tba",32,329,11:00:00 AM,1:50:00 PM,F,1/9/2023,5/6/2023,2232,HT,23696,0,,FULL,
BIO, 101,40W,LEC,1,4,4,14,24,"Jeffery,Carol Janette",24,326,5:30:00 PM,6:45:00 PM,MW,1/9/2023,5/6/2023,2232,HT,23677,56,,,
BIO, 101,40WL,LAB,1,0,0,13,24,"Jeffery,Carol Janette",32,329,7:00:00 PM,9:40:00 PM,W,1/9/2023,5/6/2023,2232,HT,23678,0,,,
BIO, 101,D01,DED,1,4,4,30,30,"Martin,Jennifer M",30,TUAL,,,,1/9/2023,5/6/2023,2232,MAIN,23706,120,,FULL,
BIO, 101,D01L,LAB,1,4,0,30,30,"Martin,Jennifer M",30,TUAL,,,,1/9/2023,5/6/2023,2232,MAIN,23707,0,,FULL,
BIO, 101,D02,DED,1,4,4,30,30,"Martin,Jennifer M",30,TUAL,,,,1/9/2023,5/6/2023,2232,MAIN,24246,120,,FULL,
BIO, 101,D02L,LAB,1,4,0,30,30,"Martin,Jennifer M",30,TUAL,,,,1/9/2023,5/6/2023,2232,MAIN,24247,0,,FULL,
BIO, 101,D03,DED,1,4,4,19,30,"Martin,Jennifer M",30,TUAL,,,,1/9/2023,5/6/2023,2232,MAIN,23853,76,,,
BIO, 101,D03L,LAB,1,4,0,19,30,"Alexander,Maryse Yvette",30,TUAL,,,,1/9/2023,5/6/2023,2232,MAIN,23854,0,,,
BIO, 101,D04,DED,8W1,4,4,24,26,"Song,Pengfei",30,TUAL,,,,1/9/2023,3/4/2023,2232,MAIN,23855,96,,,
BIO, 101,D04L,LAB,8W1,4,0,24,26,"Song,Pengfei",30,TUAL,,,,1/9/2023,3/4/2023,2232,MAIN,23856,0,,,
BIO, 101,D05,DED,8W2,4,4,0,26,"Mead,Jaime Ann",30,TUAL,,,,3/13/2023,5/6/2023,2232,MAIN,24551,0,,,
BIO, 101,D05L,LAB,8W2,4,0,0,26,"Mead,Jaime Ann",30,TUAL,,,,3/13/2023,5/6/2023,2232,MAIN,24552,0,,,
BIO, 101,D06,DED,12W,4,4,0,0,"Alexander,Maryse Yvette",30,TUAL,,,,2/7/2023,5/8/2023,2232,MAIN,24613,0,,FULL,
BIO, 101,D06L,LAB,12W,4,0,0,0,"Alexander,Maryse Yvette",30,TUAL,,,,2/7/2023,5/8/2023,2232,MAIN,24614,0,,FULL,
BIO, 102,01H,LEC,1,4,4,24,32,"Hardage,Adrianna Ferraioli",44,426,11:00:00 AM,12:15:00 PM,MW,1/9/2023,5/6/2023,2232,MAIN,23557,96,,,
BIO, 102,01HL,LAB,1,0,0,24,24,"Mead,Jaime Ann",24,434,2:00:00 PM,4:50:00 PM,W,1/9/2023,5/6/2023,2232,MAIN,23558,0,,FULL,
BIO, 102,20W,LEC,1,4,4,19,24,"Staff,Tba",40,327,9:30:00 AM,10:45:00 AM,TR,1/9/2023,5/6/2023,2232,HT,25544,76,,,
BIO, 102,20WL,LAB,1,0,0,19,24,"Staff,Tba",32,329,11:00:00 AM,1:50:00 PM,T,1/9/2023,5/6/2023,2232,HT,25545,0,,,
BIO, 102,50H,LEC,1,4,4,3,24,"Artis,Candice Rayon",44,426,5:30:00 PM,6:45:00 PM,TR,1/9/2023,5/6/2023,2232,MAIN,23559,12,,,
BIO, 102,50HL,LAB,1,0,0,3,24,"Artis,Candice Rayon",24,434,7:00:00 PM,9:40:00 PM,R,1/9/2023,5/6/2023,2232,MAIN,23560,0,,,
BIO, 102,D01,DED,1,4,4,22,26,"Evans,Ann S",30,TUAL,,,,1/9/2023,5/6/2023,2232,MAIN,23632,88,,,
BIO, 102,D01L,LAB,1,4,0,22,26,"Evans,Ann S",30,TUAL,,,,1/9/2023,5/6/2023,2232,MAIN,23561,0,,,
BIO, 102,D02,DED,1,4,4,11,26,"Evans,Ann S",30,TUAL,,,,1/9/2023,5/6/2023,2232,MAIN,24177,44,,,
BIO, 102,D02L,LAB,1,4,0,11,26,"Evans,Ann S",30,TUAL,,,,1/9/2023,5/6/2023,2232,MAIN,24092,0,,,
BIO, 102,D03,DED,8W2,4,4,0,0,"Artis,Candice Rayon",30,TUAL,,,,3/13/2023,5/6/2023,2232,MAIN,23861,0,,FULL,
BIO, 102,D03L,LAB,8W2,4,0,0,0,"Artis,Candice Rayon",30,TUAL,,,,3/13/2023,5/6/2023,2232,MAIN,23862,0,,FULL,
BIO, 141,01H,LEC,1,4,4,32,36,"Zahn,Kimberly Demnicki",44,426,8:00:00 AM,9:15:00 AM,MW,1/9/2023,5/6/2023,2232,MAIN,23592,128,,,
BIO, 141,01HL,LAB,1,0,0,16,24,"Zahn,Martin D",24,405,11:00:00 AM,1:50:00 PM,M,1/9/2023,5/6/2023,2232,MAIN,23597,0,,,
BIO, 141,02HL,LAB,1,0,0,21,24,"Zahn,Martin D",24,405,11:00:00 AM,1:50:00 PM,W,1/9/2023,5/6/2023,2232,MAIN,23593,0,,,
BIO, 141,20H,LEC,1,4,4,15,36,"Zahn,Martin D",48,421,9:30:00 AM,10:45:00 AM,TR,1/9/2023,5/6/2023,2232,MAIN,24198,60,,,
BIO, 141,20HL,LAB,1,0,0,24,24,"Zahn,Kimberly Demnicki",24,405,8:00:00 AM,10:50:00 AM,T,1/9/2023,5/6/2023,2232,MAIN,23595,0,,FULL,
BIO, 141,20W,LEC,1,4,4,19,40,"Marcinkus,Susan Rita",40,327,11:00:00 AM,12:15:00 PM,TR,1/9/2023,5/6/2023,2232,HT,23729,76,,,
BIO, 141,20WL,LAB,1,0,0,20,24,"Abrahams,Shaheem",24,333,8:00:00 AM,10:50:00 AM,T,1/9/2023,5/6/2023,2232,HT,23673,0,,,
BIO, 141,21H,LEC,1,4,4,32,36,"Zahn,Kimberly Demnicki",48,421,11:00:00 AM,12:15:00 PM,TR,1/9/2023,5/6/2023,2232,MAIN,23594,128,,,
BIO, 141,21HL,LAB,1,0,0,17,24,"Staff,Tba",24,405,2:00:00 PM,4:50:00 PM,R,1/9/2023,5/6/2023,2232,MAIN,23619,0,,,
BIO, 141,21WL,LAB,1,0,0,0,0,"Staff,Tba",24,333,8:00:00 AM,10:50:00 AM,R,1/9/2023,5/6/2023,2232,HT,23728,0,,FULL,
BIO, 141,30H,LEC,1,4,4,14,36,"Staff,Tba",48,421,11:00:00 AM,1:50:00 PM,F,1/9/2023,5/6/2023,2232,MAIN,23780,56,,,
BIO, 141,30HL,LAB,1,0,0,14,24,"Staff,Tba",24,405,8:00:00 AM,10:50:00 AM,F,1/9/2023,5/6/2023,2232,MAIN,23598,0,,,
BIO, 141,40W,LEC,1,4,4,14,24,"Marcinkus,Susan Rita",40,328,5:30:00 PM,6:45:00 PM,MW,1/9/2023,5/6/2023,2232,HT,23672,56,,,
BIO, 141,40WL,LAB,1,0,0,14,24,"Marcinkus,Susan Rita",24,333,7:00:00 PM,9:40:00 PM,W,1/9/2023,5/6/2023,2232,HT,23600,0,,,
BIO, 141,50H,LEC,1,4,4,20,40,"Guinn,Barbara B",48,421,5:30:00 PM,6:45:00 PM,TR,1/9/2023,5/6/2023,2232,MAIN,23599,80,,,
BIO, 141,50HL,LAB,1,0,0,20,24,"Guinn,Barbara B",24,405,7:00:00 PM,9:40:00 PM,T,1/9/2023,5/6/2023,2232,MAIN,23628,0,,,
BIO, 141,51HL,LAB,1,0,0,0,0,"Staff,Tba",24,405,7:00:00 PM,9:40:00 PM,R,1/9/2023,5/6/2023,2232,MAIN,25547,0,,FULL,
BIO, 141,D01,DED,1,4,4,25,26,"Zahn,Kimberly Demnicki",30,TUAL,,,,1/9/2023,5/6/2023,2232,MAIN,23751,100,,,
BIO, 141,D01L,LAB,1,4,0,25,26,"Zahn,Kimberly Demnicki",30,TUAL,,,,1/9/2023,5/6/2023,2232,MAIN,23752,0,,,
BIO, 141,D02,DED,1,4,4,25,26,"Spencer,Jacqueline Leigh",30,TUAL,,,,1/9/2023,5/6/2023,2232,MAIN,23864,100,,,
BIO, 141,D02L,LAB,1,4,0,25,26,"Spencer,Jacqueline Leigh",30,TUAL,,,,1/9/2023,5/6/2023,2232,MAIN,23865,0,,,
BIO, 141,D03,DED,8W1,4,4,24,26,"Abrahams,Shaheem",30,TUAL,,,,1/9/2023,3/4/2023,2232,MAIN,23872,96,,,
BIO, 141,D03L,LAB,8W1,4,0,24,26,"Abrahams,Shaheem",30,TUAL,,,,1/9/2023,3/4/2023,2232,MAIN,23873,0,,,
BIO, 141,D04,DED,8W1,4,4,22,26,"Guinn,Barbara B",30,TUAL,,,,1/9/2023,3/4/2023,2232,MAIN,23601,88,,,
BIO, 141,D04L,LAB,8W1,4,0,22,26,"Guinn,Barbara B",30,TUAL,,,,1/9/2023,3/4/2023,2232,MAIN,24212,0,,,
BIO, 141,D05,DED,8W2,4,4,21,26,"Houle,Melanie Sue",30,TUAL,,,,3/13/2023,5/6/2023,2232,MAIN,24149,84,,,
BIO, 141,D05L,LAB,8W2,4,0,21,26,"Houle,Melanie Sue",30,TUAL,,,,3/13/2023,5/6/2023,2232,MAIN,24250,0,,,
BIO, 141,D06,DED,12W,4,4,0,0,"Staff,Tba",30,TUAL,,,,2/7/2023,5/8/2023,2232,MAIN,24527,0,,FULL,
BIO, 141,D06L,LAB,12W,4,0,0,0,"Staff,Tba",30,TUAL,,,,2/7/2023,5/8/2023,2232,MAIN,24528,0,,FULL,
BIO, 141,D07,DED,12W,4,4,0,0,"Staff,Tba",30,TUAL,,,,2/7/2023,5/8/2023,2232,MAIN,24611,0,,FULL,
BIO, 141,D07L,LAB,12W,4,0,0,0,"Staff,Tba",30,TUAL,,,,2/7/2023,5/8/2023,2232,MAIN,24612,0,,FULL,
BIO, 142,01H,LEC,1,4,4,35,36,"Zahn,Kimberly Demnicki",44,426,9:30:00 AM,10:45:00 AM,MW,1/9/2023,5/6/2023,2232,MAIN,23562,140,,,
BIO, 142,01HL,LAB,1,0,0,15,24,"Zahn,Kimberly Demnicki",24,401,11:00:00 AM,1:50:00 PM,M,1/9/2023,5/6/2023,2232,MAIN,23620,0,,,
BIO, 142,01W,LEC,1,4,4,20,40,"Abrahams,Shaheem",40,327,11:00:00 AM,12:15:00 PM,MW,1/9/2023,5/6/2023,2232,HT,23610,80,,,
BIO, 142,01WL,LAB,1,0,0,20,24,"Abrahams,Shaheem",24,333,8:00:00 AM,10:50:00 AM,M,1/9/2023,5/6/2023,2232,HT,23611,0,,,
BIO, 142,02HL,LAB,1,0,0,21,24,"Zahn,Kimberly Demnicki",24,401,11:00:00 AM,1:50:00 PM,W,1/9/2023,5/6/2023,2232,MAIN,23822,0,,,
BIO, 142,02WL,LAB,1,0,0,0,0,"Staff,Tba",24,333,8:00:00 AM,10:50:00 AM,W,1/9/2023,5/6/2023,2232,HT,30008,0,,FULL,
BIO, 142,20H,LEC,1,4,4,6,31,"Ouellette,Donald Edward",31,423,11:00:00 AM,12:15:00 PM,MW,1/9/2023,5/6/2023,2232,MAIN,30009,24,,,
BIO, 142,20HL,LAB,1,0,0,9,24,"Ouellette,Donald Edward",24,401,8:00:00 AM,10:50:00 AM,T,1/9/2023,5/6/2023,2232,MAIN,30010,0,,,
BIO, 142,40H,LEC,1,4,4,11,26,"Diggs,Leslie David",44,426,5:30:00 PM,6:45:00 PM,MW,1/9/2023,5/6/2023,2232,MAIN,23602,44,,,
BIO, 142,40HL,LAB,1,0,0,7,24,"Diggs,Leslie David",24,405,7:00:00 PM,9:40:00 PM,W,1/9/2023,5/6/2023,2232,MAIN,23603,0,,,
BIO, 142,D01,DED,1,4,4,25,26,"Tuckey,Lisa M",30,TUAL,,,,1/9/2023,5/6/2023,2232,MAIN,23754,100,,,
BIO, 142,D01L,LAB,1,4,0,25,26,"Tuckey,Lisa M",30,TUAL,,,,1/9/2023,5/6/2023,2232,MAIN,23757,0,,,
BIO, 142,D02,DED,1,4,4,25,26,"Tuckey,Lisa M",30,TUAL,,,,1/9/2023,5/6/2023,2232,MAIN,23755,100,,,
BIO, 142,D02L,LAB,1,4,0,25,26,"Tuckey,Lisa M",30,TUAL,,,,1/9/2023,5/6/2023,2232,MAIN,23756,0,,,
BIO, 142,D03,DED,8W1,4,4,11,26,"Marcinkus,Susan Rita",30,TUAL,,,,1/9/2023,3/4/2023,2232,MAIN,23875,44,,,
BIO, 142,D03L,LAB,8W1,4,0,11,26,"Marcinkus,Susan Rita",30,TUAL,,,,1/9/2023,3/4/2023,2232,MAIN,23877,0,,,
BIO, 142,D04,DED,8W2,4,4,13,26,"Abrahams,Shaheem",30,TUAL,,,,3/13/2023,5/6/2023,2232,MAIN,23959,52,,,
BIO, 142,D04L,LAB,8W2,4,0,13,26,"Abrahams,Shaheem",30,TUAL,,,,3/13/2023,5/6/2023,2232,MAIN,24093,0,,,
BIO, 142,D05,DED,12W,4,4,0,0,"Hasan,Maimoona",30,TUAL,,,,2/7/2023,5/8/2023,2232,MAIN,24251,0,,FULL,
BIO, 142,D05L,LAB,12W,4,0,0,0,"Hasan,Maimoona",30,TUAL,,,,2/7/2023,5/8/2023,2232,MAIN,24252,0,,FULL,
BIO, 145,D01,DED,1,4,4,4,26,"Zahn,Martin D",30,TUAL,,,,1/9/2023,5/6/2023,2232,MAIN,24048,16,,,
BIO, 145,D01L,LAB,1,4,0,4,26,"Zahn,Martin D",30,TUAL,,,,1/9/2023,5/6/2023,2232,MAIN,24049,0,,,
BIO, 150,20H,LEC,1,4,4,9,36,"Song,Pengfei",44,426,9:30:00 AM,10:45:00 AM,TR,1/9/2023,5/6/2023,2232,MAIN,23546,36,,,
BIO, 150,20HL,LAB,1,0,0,12,24,"Hardage,Adrianna Ferraioli",24,401,11:00:00 AM,1:50:00 PM,T,1/9/2023,5/6/2023,2232,MAIN,23547,0,,,
BIO, 150,21HL,LAB,1,0,0,4,24,"Mead,Jaime Ann",24,401,11:00:00 AM,1:50:00 PM,R,1/9/2023,5/6/2023,2232,MAIN,30012,0,,,
BIO, 150,40W,LEC,1,4,4,2,24,"Staff,Tba",40,327,5:30:00 PM,6:45:00 PM,MW,1/9/2023,5/6/2023,2232,HT,38285,8,,,
BIO, 150,40WL,LAB,1,0,0,2,24,"Staff,Tba",24,330,7:00:00 PM,9:40:00 PM,W,1/9/2023,5/6/2023,2232,HT,38286,0,,,
BIO, 150,50H,LEC,1,4,4,19,24,"Hardage,Adrianna Ferraioli",31,423,5:30:00 PM,6:45:00 PM,TR,1/9/2023,5/6/2023,2232,MAIN,23548,76,,,
BIO, 150,50HL,LAB,1,0,0,12,24,"Hardage,Adrianna Ferraioli",24,401,7:00:00 PM,9:40:00 PM,R,1/9/2023,5/6/2023,2232,MAIN,23596,0,,,
BIO, 150,D01,DED,1,4,4,21,26,"Hardage,Adrianna Ferraioli",30,TUAL,,,,1/9/2023,5/6/2023,2232,MAIN,23646,84,,,
BIO, 150,D01L,LAB,1,4,0,21,26,"Hardage,Adrianna Ferraioli",30,TUAL,,,,1/9/2023,5/6/2023,2232,MAIN,23612,0,,,
BIO, 150,D02,DED,1,4,4,22,26,"Song,Pengfei",30,TUAL,,,,1/9/2023,5/6/2023,2232,MAIN,23938,88,,,
BIO, 150,D02L,LAB,1,4,0,22,26,"Song,Pengfei",30,TUAL,,,,1/9/2023,5/6/2023,2232,MAIN,23939,0,,,
BIO, 150,D03,DED,8W2,4,4,0,0,"Keyes Jones,Lisa Lanee",30,TUAL,,,,3/13/2023,5/6/2023,2232,MAIN,24194,0,,FULL,
BIO, 150,D03L,LAB,8W2,4,0,0,0,"Keyes Jones,Lisa Lanee",30,TUAL,,,,3/13/2023,5/6/2023,2232,MAIN,24195,0,,FULL,
BIO, 150,D04,DED,12W,4,4,12,26,"Keyes Jones,Lisa Lanee",30,TUAL,,,,2/7/2023,5/8/2023,2232,MAIN,24253,48,,,
BIO, 150,D04L,LAB,12W,4,0,12,26,"Keyes Jones,Lisa Lanee",30,TUAL,,,,2/7/2023,5/8/2023,2232,MAIN,24254,0,,,
CAD, 120,D01,DED,1,2,2,0,12,"Aksoy,Vedat",30,TUAL,,,,1/9/2023,5/6/2023,2232,MAIN,40286,0,,,
CAD, 128,D01,DED,1,4,4,9,25,"Middleton,Maury Eugene",30,TUAL,,,,1/9/2023,5/6/2023,2232,MAIN,24180,36,,,
CAD, 132,D01,DED,1,3,3,5,22,"Middleton,Maury Eugene",30,TUAL,,,,1/9/2023,5/6/2023,2232,MAIN,24306,15,,,
CAD, 132,DC90,DED,1,3,3,2,2,"Middleton,Maury Eugene",30,TUAL,,,,1/9/2023,5/6/2023,2232,MAIN,54605,6,,FULL,
CAD, 151,B50H,LEC,1,3,3,17,25,"Jones,Anthony V",24,317,7:00:00 PM,9:40:00 PM,T,1/9/2023,5/6/2023,2232,MAIN,24214,51,,,
CAD, 152,DR40,DED,1,3,3,13,25,"Kennedy,James L",30,TUAL,6:00:00 PM,8:15:00 PM,MW,1/9/2023,5/6/2023,2232,MAIN,24181,39,,,
CAD, 155,D01,DED,1,3,3,2,25,"Jones,Anthony V",30,TUAL,,,,1/9/2023,5/6/2023,2232,MAIN,24554,6,,,
CAD, 202,D01,DED,1,4,4,3,25,"Kennedy,James L",30,TUAL,,,,1/9/2023,5/6/2023,2232,MAIN,24191,12,,,
CAD, 211,D01,DED,1,3,3,9,21,"Middleton,Maury Eugene",30,TUAL,,,,1/9/2023,5/6/2023,2232,MAIN,24308,27,,,
CAD, 211,DC90,DED,1,3,3,3,4,"Middleton,Maury Eugene",30,TUAL,,,,1/9/2023,5/6/2023,2232,MAIN,52420,9,,,
CAD, 226,20HL,LAB,DYN,3,0,0,16,"Morris Jr.,Edward W",16,1116,10:30:00 AM,12:30:00 PM,R,1/2/2023,5/5/2023,2232,MAIN,40185,0,,,
CAD, 226,DR20,DED,DYN,3,3,0,16,"Morris Jr.,Edward W",30,TUAL,7:40:00 AM,9:40:00 AM,T,1/2/2023,5/5/2023,2232,MAIN,40183,0,,,
CAD, 226,X01H,LEC,DYN,3,3,0,16,"Morris Jr.,Edward W",16,1116,7:40:00 AM,9:40:00 AM,T,1/2/2023,5/5/2023,2232,MAIN,24389,0,,,
CAD, 226,X01L,LAB,DYN,3,0,0,16,"Morris Jr.,Edward W",16,1116,7:40:00 AM,9:40:00 AM,R,1/2/2023,5/5/2023,2232,MAIN,24390,0,,,
CAD, 235,30HL,LAB,1,3,0,0,24,"Aksoy,Vedat",24,317,2:30:00 PM,5:20:00 PM,F,1/9/2023,5/6/2023,2232,MAIN,24305,0,,,
CAD, 235,D01,DED,1,3,3,0,24,"Aksoy,Vedat",30,TUAL,,,,1/9/2023,5/6/2023,2232,MAIN,24182,0,,,
CAD, 235,DX01,DED,DYN,3,3,0,16,"Morris Jr.,Edward W",30,TUAL,,,,1/2/2023,5/5/2023,2232,MAIN,24391,0,,,
CAD, 235,X01L,LAB,DYN,3,0,0,16,"Morris Jr.,Edward W",24,317,7:40:00 AM,9:50:00 AM,F,1/2/2023,5/5/2023,2232,MAIN,24392,0,,,
CAD, 241,D01,DED,1,4,4,4,25,"Morris Jr.,Edward W",30,TUAL,,,,1/9/2023,5/6/2023,2232,MAIN,24309,16,,,
CAD, 247,B50H,LEC,1,3,3,0,24,"Jones,Anthony V",24,317,7:00:00 PM,9:40:00 PM,R,1/9/2023,5/6/2023,2232,MAIN,40295,0,,,
CAD, 280,B30H,LEC,1,3,3,4,24,"Aksoy,Vedat",24,317,1:00:00 PM,2:15:00 PM,F,1/9/2023,5/6/2023,2232,MAIN,23760,12,,,
CHM, 101,01H,LEC,1,4,4,19,24,"Olagunju,Olufunke Modupe",30,431,12:30:00 PM,1:45:00 PM,MW,1/9/2023,5/6/2023,2232,MAIN,23563,76,,,
CHM, 101,01HL,LAB,1,0,0,16,24,"Mahfouz,Riham M",24,436,2:00:00 PM,4:50:00 PM,W,1/9/2023,5/6/2023,2232,MAIN,23720,0,,,
CHM, 101,20H,LEC,1,4,4,5,24,"Haque,Dilrowshan Hafiza Akhtar",30,431,9:30:00 AM,10:45:00 AM,TR,1/9/2023,5/6/2023,2232,MAIN,30031,20,,,
CHM, 101,20HL,LAB,1,0,0,8,24,"Haque,Dilrowshan Hafiza Akhtar",24,436,11:00:00 AM,1:50:00 PM,T,1/9/2023,5/6/2023,2232,MAIN,30032,0,,,
CHM, 101,20W,LEC,1,4,4,15,24,"Crowley,Pamela K",24,203,9:30:00 AM,10:45:00 AM,TR,1/9/2023,5/6/2023,2232,HT,30033,60,,,
CHM, 101,20WL,LAB,1,0,0,16,24,"Crowley,Pamela K",24,332,11:00:00 AM,1:50:00 PM,R,1/9/2023,5/6/2023,2232,HT,30034,0,,,
CHM, 101,40H,LEC,1,4,4,1,24,"Ricks,Jonathan Thomas",30,431,5:30:00 PM,6:45:00 PM,MW,1/9/2023,5/6/2023,2232,MAIN,23922,4,,,
CHM, 101,40HL,LAB,1,0,0,0,24,"Ricks,Jonathan Thomas",24,436,7:00:00 PM,9:40:00 PM,M,1/9/2023,5/6/2023,2232,MAIN,23923,0,,,
CHM, 101,D01,DED,1,4,4,24,24,"Olagunju,Olufunke Modupe",30,TUAL,,,,1/9/2023,5/6/2023,2232,MAIN,23758,96,,FULL,
CHM, 101,D01L,LAB,1,4,0,24,24,"Braxton,Renarda L",30,TUAL,,,,1/9/2023,5/6/2023,2232,MAIN,23759,0,,FULL,
CHM, 101,D02,DED,1,4,4,13,24,"Harry,Stephanie Dawn",30,TUAL,,,,1/9/2023,5/6/2023,2232,MAIN,24201,52,,,
CHM, 101,D02L,LAB,1,4,0,13,24,"Harry,Stephanie Dawn",30,TUAL,,,,1/9/2023,5/6/2023,2232,MAIN,24202,0,,,
CHM, 101,D03,DED,1,4,4,0,0,"Staff,Tba",30,TUAL,,,,1/9/2023,5/6/2023,2232,MAIN,24489,0,,FULL,
CHM, 101,D03L,LAB,1,4,0,0,0,"Staff,Tba",30,TUAL,,,,1/9/2023,5/6/2023,2232,MAIN,24490,0,,FULL,
CHM, 101,D04,DED,8W1,4,4,12,24,"Ricks,Jonathan Thomas",30,TUAL,,,,1/9/2023,3/4/2023,2232,MAIN,30038,48,,,
CHM, 101,D04L,LAB,8W1,4,0,12,24,"Ricks,Jonathan Thomas",30,TUAL,,,,1/9/2023,3/4/2023,2232,MAIN,30039,0,,,
CHM, 101,DJ01,DED,12W,4,4,8,24,"Walker,Brian Thomas",30,TUAL,,,,2/7/2023,5/8/2023,2232,MAIN,24623,32,,,
CHM, 101,DJ1L,LAB,12W,4,0,8,24,"Walker,Brian Thomas",30,TUAL,,,,2/7/2023,5/8/2023,2232,MAIN,24624,0,,,
CHM, 111,01H,LEC,1,4,4,29,30,"Olagunju,Olufunke Modupe",30,431,11:00:00 AM,12:15:00 PM,MW,1/9/2023,5/6/2023,2232,MAIN,23564,116,,,
CHM, 111,01HL,LAB,1,0,0,18,24,"Olagunju,Olufunke Modupe",24,436,8:00:00 AM,10:50:00 AM,M,1/9/2023,5/6/2023,2232,MAIN,23565,0,,,
CHM, 111,01W,LEC,1,4,4,20,24,"Spryn,Lucinda A",24,203,9:30:00 AM,10:45:00 AM,MW,1/9/2023,5/6/2023,2232,HT,23704,80,,,
CHM, 111,01WL,LAB,1,0,0,19,24,"Spryn,Lucinda A",24,332,1:00:00 PM,3:50:00 PM,M,1/9/2023,5/6/2023,2232,HT,23705,0,,,
CHM, 111,02HL,LAB,1,0,0,16,24,"Mahfouz,Riham M",24,436,1:00:00 PM,3:50:00 PM,M,1/9/2023,5/6/2023,2232,MAIN,23566,0,,,
CHM, 111,02W,LEC,1,4,4,4,24,"Spryn,Lucinda A",24,203,11:00:00 AM,12:15:00 PM,MW,1/9/2023,5/6/2023,2232,HT,53539,16,,,
CHM, 111,02WL,LAB,1,0,0,3,24,"Spryn,Lucinda A",24,332,1:00:00 PM,3:50:00 PM,W,1/9/2023,5/6/2023,2232,HT,53541,0,,,
CHM, 111,50H,LEC,1,4,4,20,30,"Frazier,Shanee",30,431,7:00:00 PM,9:40:00 PM,R,1/9/2023,5/6/2023,2232,MAIN,23777,80,,,
CHM, 111,50HL,LAB,1,0,0,17,24,"Frazier,Shanee",24,436,7:00:00 PM,9:40:00 PM,T,1/9/2023,5/6/2023,2232,MAIN,23778,0,,,
CHM, 111,D01,DED,1,4,4,22,24,"Braxton,Renarda L",30,TUAL,,,,1/9/2023,5/6/2023,2232,MAIN,23887,88,,,
CHM, 111,D01L,LAB,1,4,0,22,24,"Braxton,Renarda L",30,TUAL,,,,1/9/2023,5/6/2023,2232,MAIN,23888,0,,,
CHM, 111,D02,DED,1,4,4,2,24,"Staff,Tba",30,TUAL,,,,1/9/2023,5/6/2023,2232,MAIN,24183,8,,,
CHM, 111,D02L,LAB,1,4,0,2,24,"Staff,Tba",30,TUAL,,,,1/9/2023,5/6/2023,2232,MAIN,24184,0,,,
CHM, 111,D03,DED,12W,4,4,3,24,"Das,Sankar",30,TUAL,,,,2/7/2023,5/8/2023,2232,MAIN,24266,12,,,
CHM, 111,D03L,LAB,12W,4,0,3,24,"Das,Sankar",30,TUAL,,,,2/7/2023,5/8/2023,2232,MAIN,24267,0,,,
CHM, 111,D04,DED,8W1,4,4,16,24,"Mahfouz,Riham M",30,TUAL,,,,1/9/2023,3/4/2023,2232,MAIN,24545,64,,,
CHM, 111,D04L,LAB,8W1,4,0,16,24,"Mahfouz,Riham M",30,TUAL,,,,1/9/2023,3/4/2023,2232,MAIN,24546,0,,,
CHM, 111,D05,DED,8W2,4,4,2,24,"Crowley,Pamela K",30,TUAL,,,,3/13/2023,5/6/2023,2232,MAIN,40326,8,,,
CHM, 111,D05L,LAB,8W2,4,0,2,24,"Crowley,Pamela K",30,TUAL,,,,3/13/2023,5/6/2023,2232,MAIN,40327,0,,,
CHM, 112,01H,LEC,1,4,4,16,24,"Olagunju,Olufunke Modupe",30,431,2:00:00 PM,3:15:00 PM,MW,1/9/2023,5/6/2023,2232,MAIN,23567,64,,,
CHM, 112,01HL,LAB,1,0,0,16,24,"Crowley,Pamela K",24,436,11:00:00 AM,1:50:00 PM,W,1/9/2023,5/6/2023,2232,MAIN,23568,0,,,
CHM, 112,D01,DED,1,4,4,24,24,"Spryn,Lucinda A",30,TUAL,,,,1/9/2023,5/6/2023,2232,MAIN,23633,96,,FULL,
CHM, 112,D01L,LAB,1,4,0,24,24,"Spryn,Lucinda A",30,TUAL,,,,1/9/2023,5/6/2023,2232,MAIN,23569,0,,FULL,
CHM, 112,D02,DED,12W,4,4,5,24,"Braxton,Renarda L",30,TUAL,,,,2/7/2023,5/8/2023,2232,MAIN,23924,20,,,
CHM, 112,D02L,LAB,12W,4,0,5,24,"Braxton,Renarda L",30,TUAL,,,,2/7/2023,5/8/2023,2232,MAIN,23925,0,,,
CHM, 112,D03,DED,8W2,4,4,3,24,"Staff,Tba",30,TUAL,,,,3/13/2023,5/6/2023,2232,MAIN,24268,12,,,
CHM, 112,D03L,LAB,8W2,4,0,3,24,"Staff,Tba",30,TUAL,,,,3/13/2023,5/6/2023,2232,MAIN,24269,0,,,
CHM, 112,D04,DED,1,4,4,1,24,"Staff,Tba",30,TUAL,,,,1/9/2023,5/6/2023,2232,MAIN,54296,4,,,
CHM, 112,D04L,LAB,1,4,0,1,24,"Staff,Tba",30,TUAL,,,,1/9/2023,5/6/2023,2232,MAIN,54297,0,,,
CHM, 241,DJ01,DED,1,3,3,4,23,"Mahfouz,Riham M",30,TUAL,,,,1/9/2023,5/6/2023,2232,MAIN,24357,12,,,
CHM, 242,DJ01,DED,1,3,3,8,24,"Mahfouz,Riham M",30,TUAL,,,,1/9/2023,5/6/2023,2232,MAIN,24377,24,,,
CHM, 246,40H,LEC,1,2,2,4,24,"Olagunju,Olufunke Modupe",24,436,6:00:00 PM,9:40:00 PM,W,1/9/2023,5/6/2023,2232,MAIN,23613,8,,,
CSC, 205,61H,LEC,1,3,3,2,24,"Sprague,Andrew Lawrence",24,418,4:30:00 PM,5:45:00 PM,MW,1/9/2023,5/6/2023,2232,MAIN,30021,6,,,
CSC, 205,D61,DED,1,3,3,13,24,"Sprague,Andrew Lawrence",30,TUAL,,,,1/9/2023,5/6/2023,2232,MAIN,24087,39,,,
CSC, 205,DR61,DED,1,3,3,3,24,"Sprague,Andrew Lawrence",30,TUAL,4:30:00 PM,5:45:00 PM,MW,1/9/2023,5/6/2023,2232,MAIN,30022,9,,,
CSC, 221,61H,LEC,1,3,3,11,30,"Schaffner,Sally Kerpelman",24,418,11:00:00 AM,12:15:00 PM,MW,1/9/2023,5/6/2023,2232,MAIN,30023,33,,,
CSC, 221,D61,DED,1,3,3,4,30,"Schaffner,Sally Kerpelman",30,TUAL,,,,1/9/2023,5/6/2023,2232,MAIN,30024,12,,,
CSC, 221,DR61,DED,1,3,3,9,30,"Schaffner,Sally Kerpelman",30,TUAL,11:00:00 AM,12:15:00 PM,MW,1/9/2023,5/6/2023,2232,MAIN,30025,27,,,
CSC, 222,61H,LEC,1,4,4,9,24,"Schaffner,Sally Kerpelman",24,418,9:00:00 AM,10:50:00 AM,MW,1/9/2023,5/6/2023,2232,MAIN,30026,36,,,
CSC, 222,D01,DED,1,4,4,11,24,"Sprague,Andrew Lawrence",30,TUAL,,,,1/9/2023,5/6/2023,2232,MAIN,52879,44,,,
CSC, 222,D61,DED,1,4,4,8,24,"Schaffner,Sally Kerpelman",30,TUAL,,,,1/9/2023,5/6/2023,2232,MAIN,30027,32,,,
CSC, 222,DR61,DED,1,4,4,5,24,"Schaffner,Sally Kerpelman",30,TUAL,9:00:00 AM,10:50:00 AM,MW,1/9/2023,5/6/2023,2232,MAIN,30028,20,,,
CSC, 223,61H,LEC,1,4,4,1,24,"Schaffner,Sally Kerpelman",24,418,2:30:00 PM,4:20:00 PM,MW,1/9/2023,5/6/2023,2232,MAIN,47600,4,,,
CSC, 223,D61,DED,1,4,4,5,24,"Schaffner,Sally Kerpelman",30,TUAL,,,,1/9/2023,5/6/2023,2232,MAIN,47602,20,,,
CSC, 223,DR61,DED,1,4,4,1,24,"Schaffner,Sally Kerpelman",30,TUAL,2:30:00 PM,4:20:00 PM,MW,1/9/2023,5/6/2023,2232,MAIN,47603,4,,,
EGR, 121,01H,LEC,1,2,2,12,24,"Mun,Ji Hyon",24,418,1:00:00 PM,1:50:00 PM,MW,1/9/2023,5/6/2023,2232,MAIN,24536,24,,,
EGR, 121,20H,LEC,1,2,2,10,24,"Mun,Ji Hyon",24,418,9:30:00 AM,10:20:00 AM,TR,1/9/2023,5/6/2023,2232,MAIN,24238,20,,,
EGR, 122,50H,LEC,1,3,3,10,24,"Mohammed,Yousuf Shaker",24,418,5:00:00 PM,6:50:00 PM,TR,1/9/2023,5/6/2023,2232,MAIN,24239,30,,,
EGR, 122,D01,DED,1,3,3,13,24,"Mohammed,Yousuf Shaker",30,TUAL,,,,1/9/2023,5/6/2023,2232,MAIN,24240,39,,,
EGR, 126,D01,DED,1,3,3,10,24,"Morris Jr.,Edward W",30,TUAL,,,,1/9/2023,5/6/2023,2232,MAIN,40850,30,,,
EGR, 140,01H,LEC,1,3,3,10,19,"Mun,Ji Hyon",19,424,11:00:00 AM,12:15:00 PM,MW,1/9/2023,5/6/2023,2232,MAIN,23750,30,,,
EGR, 140,50H,LEC,1,3,3,9,19,"Mun,Ji Hyon",19,424,5:00:00 PM,6:15:00 PM,TR,1/9/2023,5/6/2023,2232,MAIN,23708,27,,,
EGR, 206,20H,LEC,1,3,3,7,19,"Mun,Ji Hyon",19,424,11:00:00 AM,12:15:00 PM,TR,1/9/2023,5/6/2023,2232,MAIN,40854,21,,,
EGR, 245,20H,LEC,1,3,3,9,19,"Mun,Ji Hyon",19,424,3:30:00 PM,4:45:00 PM,TR,1/9/2023,5/6/2023,2232,MAIN,23571,27,,,
EGR, 246,01H,LEC,1,3,3,7,19,"Mun,Ji Hyon",19,424,9:30:00 AM,10:45:00 AM,MW,1/9/2023,5/6/2023,2232,MAIN,23605,21,,,
EGR, 260,D01,DED,1,3,3,7,24,"Bradley,Arthur Thomas",30,TUAL,,,,1/9/2023,5/6/2023,2232,MAIN,24564,21,,,
EGR, 261,D01,DED,1,3,3,0,29,"Bradley,Arthur Thomas",30,TUAL,,,,1/9/2023,5/6/2023,2232,MAIN,24395,0,,,
ELE, 233,20H,LEC,1,3,3,4,4,"Wilcox IV,Clarence Richard",25,NHTC,8:00:00 AM,8:50:00 AM,TR,1/9/2023,5/6/2023,2232,MAIN,24062,12,,FULL,
ELE, 233,20HL,LAB,1,3,0,4,4,"Wilcox IV,Clarence Richard",25,NHTC,9:00:00 AM,10:20:00 AM,TR,1/9/2023,5/6/2023,2232,MAIN,24312,0,,FULL,
ELE, 233,21H,LEC,1,3,3,5,8,"Wilcox IV,Clarence Richard",25,NHTC,3:00:00 PM,3:50:00 PM,TR,1/9/2023,5/6/2023,2232,MAIN,24082,15,,,
ELE, 233,21HL,LAB,1,3,0,5,8,"Wilcox IV,Clarence Richard",25,NHTC,4:00:00 PM,5:20:00 PM,TR,1/9/2023,5/6/2023,2232,MAIN,24140,0,,,
ELE, 233,C90H,LEC,1,3,3,2,4,"Wilcox IV,Clarence Richard",25,NHTC,8:00:00 AM,8:50:00 AM,TR,1/9/2023,5/6/2023,2232,MAIN,46042,6,,,
ELE, 233,C90L,LAB,1,3,0,2,4,"Wilcox IV,Clarence Richard",25,NHTC,9:00:00 AM,10:20:00 AM,TR,1/9/2023,5/6/2023,2232,MAIN,46044,0,,,
ELE, 233,X02H,LEC,1,3,3,12,8,"Wilcox IV,Clarence Richard",25,NHTC,12:15:00 PM,1:05:00 PM,TR,1/9/2023,5/6/2023,2232,MAIN,24141,36,,FULL,
ELE, 233,X02L,LAB,1,3,0,12,8,"Wilcox IV,Clarence Richard",25,NHTC,1:15:00 PM,2:35:00 PM,TR,1/9/2023,5/6/2023,2232,MAIN,24142,0,,FULL,
ETR, 114,01H,LEC,1,4,4,2,16,"Frank,Jean F",16,300B,8:00:00 AM,10:50:00 AM,MW,1/9/2023,5/6/2023,2232,MAIN,30017,8,,,
ETR, 140,01H,LEC,1,3,3,1,8,"Wilcox IV,Clarence Richard",25,NHTC,3:00:00 PM,4:50:00 PM,M,1/9/2023,5/6/2023,2232,MAIN,24313,3,,,
ETR, 140,01HL,LAB,1,3,0,1,8,"Wilcox IV,Clarence Richard",25,NHTC,3:00:00 PM,4:50:00 PM,W,1/9/2023,5/6/2023,2232,MAIN,24314,0,,,
ETR, 148,20H,LEC,1,4,4,3,14,"Frank,Jean F",16,300B,11:30:00 AM,2:20:00 PM,TR,1/9/2023,5/6/2023,2232,MAIN,24233,12,,,
ETR, 148,C90H,LEC,1,4,4,2,2,"Frank,Jean F",16,300B,11:30:00 AM,2:20:00 PM,TR,1/9/2023,5/6/2023,2232,MAIN,54646,8,,FULL,
ETR, 168,01H,LEC,1,2,2,3,6,"Wilcox IV,Clarence Richard",25,NHTC,9:00:00 AM,10:50:00 AM,W,1/9/2023,5/6/2023,2232,MAIN,24319,6,,,
ETR, 168,C90H,LEC,1,2,2,1,2,"Wilcox IV,Clarence Richard",25,NHTC,9:00:00 AM,10:50:00 AM,W,1/9/2023,5/6/2023,2232,MAIN,54722,2,,,
ETR, 237,B20H,LEC,12W,3,3,3,16,"Frank,Jean F",16,307,3:00:00 PM,4:50:00 PM,TR,2/7/2023,5/8/2023,2232,MAIN,30018,9,,,
ETR, 237,B20H,LEC,12W,3,0,0,16,"Schaffner,Sally Kerpelman",16,307,3:00:00 PM,4:50:00 PM,TR,2/7/2023,5/8/2023,2232,MAIN,30018,0,DUP,,
ETR, 246,01H,LEC,1,3,3,4,13,"Frank,Jean F",16,307,11:30:00 AM,1:20:00 PM,MW,1/9/2023,5/6/2023,2232,MAIN,24090,12,,,
ETR, 246,C90H,LEC,1,3,3,3,3,"Frank,Jean F",16,307,11:30:00 AM,1:20:00 PM,MW,1/9/2023,5/6/2023,2232,MAIN,54723,9,,FULL,
ETR, 261,20H,LEC,1,4,4,3,16,"Schaffner,Sally Kerpelman",16,300D,8:00:00 AM,10:50:00 AM,TR,1/9/2023,5/6/2023,2232,MAIN,24064,12,,,
ETR, 286,B50H,LEC,12W,3,3,2,3,"Frank,Jean F",16,300B,5:00:00 PM,6:50:00 PM,R,2/7/2023,5/8/2023,2232,MAIN,41147,6,,,
ETR, 286,B50H,LEC,12W,3,0,0,3,"Schaffner,Sally Kerpelman",16,300B,5:00:00 PM,6:50:00 PM,R,2/7/2023,5/8/2023,2232,MAIN,41147,0,DUP,,
GIS, 200,DJ01,DED,8W1,3,3,1,21,"Aukland,Cheryl A",30,TUAL,,,,1/9/2023,3/4/2023,2232,MAIN,23930,3,,,
GIS, 200,DJ1L,LAB,8W1,3,0,1,21,"Aukland,Cheryl A",30,TUAL,,,,1/9/2023,3/4/2023,2232,MAIN,23931,0,,,
GIS, 200,DR40,DED,8W1,3,3,3,24,"Aukland,Cheryl A",30,TUAL,5:00:00 PM,6:45:00 PM,W,1/9/2023,3/4/2023,2232,MAIN,24525,9,,,
GIS, 200,DR4L,LAB,8W1,3,0,3,24,"Aukland,Cheryl A",30,TUAL,7:00:00 PM,8:45:00 PM,W,1/9/2023,3/4/2023,2232,MAIN,24526,0,,,
GIS, 201,DJ01,DED,8W2,3,3,2,24,"Aukland,Cheryl A",30,TUAL,,,,3/13/2023,5/6/2023,2232,MAIN,30439,6,,,
GIS, 201,DJ1L,LAB,8W2,3,0,2,24,"Aukland,Cheryl A",30,TUAL,,,,3/13/2023,5/6/2023,2232,MAIN,30440,0,,,
GIS, 201,DR40,DED,8W2,3,3,0,24,"Aukland,Cheryl A",30,TUAL,5:00:00 PM,6:45:00 PM,W,3/13/2023,5/6/2023,2232,MAIN,30437,0,,,
GIS, 201,DR4L,LAB,8W2,3,0,0,24,"Aukland,Cheryl A",30,TUAL,7:00:00 PM,8:45:00 PM,W,3/13/2023,5/6/2023,2232,MAIN,30438,0,,,
GOL, 105,20H,LEC,1,4,4,12,24,"Penrose,Bruce H",24,420,12:30:00 PM,1:45:00 PM,TR,1/9/2023,5/6/2023,2232,MAIN,24222,48,,,
GOL, 105,20HL,LAB,1,0,0,12,24,"Penrose,Bruce H",24,437,2:00:00 PM,4:50:00 PM,R,1/9/2023,5/6/2023,2232,MAIN,24223,0,,,
GOL, 105,D01,DED,1,4,4,13,26,"Berquist,Peter J",30,TUAL,,,,1/9/2023,5/6/2023,2232,MAIN,23700,52,,,
GOL, 105,D01L,LAB,1,4,0,13,26,"Berquist,Peter J",30,TUAL,,,,1/9/2023,5/6/2023,2232,MAIN,23701,0,,,
GOL, 105,D02,DED,1,4,4,9,26,"Hall,Lisa Todd",30,TUAL,,,,1/9/2023,5/6/2023,2232,MAIN,23884,36,,,
GOL, 105,D02L,LAB,1,4,0,9,26,"Hall,Lisa Todd",30,TUAL,,,,1/9/2023,5/6/2023,2232,MAIN,23885,0,,,
GOL, 105,D03,DED,8W1,4,4,13,26,"Coolbear,Kristen Michele",30,TUAL,,,,1/9/2023,3/4/2023,2232,MAIN,24052,52,,,
GOL, 105,D03L,LAB,8W1,4,0,13,26,"Coolbear,Kristen Michele",30,TUAL,,,,1/9/2023,3/4/2023,2232,MAIN,24053,0,,,
GOL, 105,Z01H,LEC,DYN,4,4,142,30,"Kohrs,Russell Henry",30,VAST,8:00:00 AM,9:15:00 AM,MW,11/30/2022,4/10/2023,2232,MAIN,39772,568,,FULL,OVER
GOL, 105,Z01L,LAB,DYN,4,0,142,30,"Kohrs,Russell Henry",30,VAST,8:00:00 AM,10:50:00 AM,T,11/30/2022,4/10/2023,2232,MAIN,39773,0,,FULL,OVER
GOL, 106,01H,LEC,1,4,4,6,24,"LeMay,Lynsey Ellis",24,422,12:30:00 PM,1:45:00 PM,MW,1/9/2023,5/6/2023,2232,MAIN,23607,24,,,
GOL, 106,01HL,LAB,1,0,0,6,24,"LeMay,Lynsey Ellis",24,437,2:00:00 PM,4:50:00 PM,M,1/9/2023,5/6/2023,2232,MAIN,23621,0,,,
GOL, 106,01W,LEC,1,4,4,3,24,"Berquist,Peter J",24,205,9:30:00 AM,10:45:00 AM,MW,1/9/2023,5/6/2023,2232,HT,35025,12,,,
GOL, 106,01WL,LAB,1,0,0,3,24,"Berquist,Peter J",24,236,11:00:00 AM,1:50:00 PM,W,1/9/2023,5/6/2023,2232,HT,35026,0,,,
GOL, 106,D01,DED,1,4,4,8,26,"Berquist,Peter J",30,TUAL,,,,1/9/2023,5/6/2023,2232,MAIN,24294,32,,,
GOL, 106,D01L,LAB,1,4,0,8,26,"Berquist,Peter J",30,TUAL,,,,1/9/2023,5/6/2023,2232,MAIN,24295,0,,,
GOL, 106,D02,DED,8W2,4,4,3,26,"Coolbear,Kristen Michele",30,TUAL,,,,3/13/2023,5/6/2023,2232,MAIN,24050,12,,,
GOL, 106,D02L,LAB,8W2,4,0,3,26,"Coolbear,Kristen Michele",30,TUAL,,,,3/13/2023,5/6/2023,2232,MAIN,24051,0,,,
GOL, 111,01W,LEC,1,4,4,14,20,"Tulipani,Diane C",24,204,12:30:00 PM,1:45:00 PM,MW,1/9/2023,5/6/2023,2232,HT,24054,56,,,
GOL, 111,01WL,LAB,1,0,0,14,20,"Tulipani,Diane C",24,236,2:00:00 PM,4:50:00 PM,M,1/9/2023,5/6/2023,2232,HT,24296,0,,,
GOL, 111,20H,LEC,1,4,4,9,20,"LeMay,Lynsey Ellis",20,416,9:30:00 AM,10:45:00 AM,TR,1/9/2023,5/6/2023,2232,MAIN,23732,36,,,
GOL, 111,20HL,LAB,1,0,0,9,20,"LeMay,Lynsey Ellis",24,437,11:00:00 AM,1:50:00 PM,T,1/9/2023,5/6/2023,2232,MAIN,23731,0,,,
GOL, 111,D01,DED,1,4,4,20,20,"Hall,Lisa Todd",30,TUAL,,,,1/9/2023,5/6/2023,2232,MAIN,24573,80,,FULL,
GOL, 111,D01L,LAB,1,4,0,20,20,"Hall,Lisa Todd",30,TUAL,,,,1/9/2023,5/6/2023,2232,MAIN,24574,0,,FULL,
GOL, 112,20H,LEC,1,4,4,8,19,"Tulipani,Diane C",19,424,9:30:00 AM,10:45:00 AM,TR,1/9/2023,5/6/2023,2232,MAIN,23733,32,,,
GOL, 112,20HL,LAB,1,0,0,8,19,"Tulipani,Diane C",24,437,11:00:00 AM,1:50:00 PM,R,1/9/2023,5/6/2023,2232,MAIN,23734,0,,,
IND, 101,D01,DED,8W1,3,3,0,16,"Frank,Jean F",30,TUAL,,,,1/9/2023,3/4/2023,2232,MAIN,30015,0,,,
IND, 137,D01,DED,8W2,3,3,0,16,"Frank,Jean F",30,TUAL,,,,3/13/2023,5/6/2023,2232,MAIN,30016,0,,,
ITD, 110,D01,DED,1,3,3,23,24,"Aukland,Cheryl A",30,TUAL,,,,1/9/2023,5/6/2023,2232,MAIN,23900,69,,,
ITD, 110,D02,DED,1,3,3,4,24,"Aukland,Cheryl A",30,TUAL,,,,1/9/2023,5/6/2023,2232,MAIN,24286,12,,,
ITD, 112,D01,DED,12W,3,3,8,24,"Baskerville,Kevin G",30,TUAL,,,,2/7/2023,5/8/2023,2232,MAIN,23998,24,,,
ITD, 130,D01,DED,1,3,3,23,24,"Decker,Lloyd Raymond",30,TUAL,,,,1/9/2023,5/6/2023,2232,MAIN,23689,69,,,
ITD, 212,DJ01,DED,8W2,4,4,4,24,"Baskerville,Kevin G",30,TUAL,,,,3/13/2023,5/6/2023,2232,MAIN,24380,16,,,
ITE, 115,01H,LEC,1,3,3,10,24,"Jones,Doretha",24,404,9:30:00 AM,10:45:00 AM,MW,1/9/2023,5/6/2023,2232,MAIN,43522,30,,,
ITE, 115,50S,LEC,1,3,3,3,24,"Decker,Lloyd Raymond",25,SEC,5:00:00 PM,7:40:00 PM,T,1/9/2023,5/6/2023,2232,MAIN,30477,9,,,
ITE, 115,B01H,LEC,1,3,3,0,0,"Staff,Tba",25,428,12:30:00 PM,1:45:00 PM,W,1/9/2023,5/6/2023,2232,MAIN,23898,0,,FULL,
ITE, 115,D01,DED,1,3,3,23,24,"Jones,Doretha",30,TUAL,,,,1/9/2023,5/6/2023,2232,MAIN,23630,69,,,
ITE, 115,D02,DED,1,3,3,20,24,"Staff,Tba",30,TUAL,,,,1/9/2023,5/6/2023,2232,MAIN,23682,60,,,
ITE, 115,D03,DED,12W,3,3,0,0,"Staff,Tba",30,TUAL,,,,2/7/2023,5/8/2023,2232,MAIN,24553,0,,FULL,
ITE, 115,D04,DED,12W,3,3,0,0,"Staff,Tba",30,TUAL,,,,2/7/2023,5/8/2023,2232,MAIN,24585,0,,FULL,
ITE, 119,01H,LEC,1,3,3,0,0,"Staff,Tba",24,404,11:00:00 AM,12:15:00 PM,MW,1/9/2023,5/6/2023,2232,MAIN,23665,0,,FULL,
ITE, 119,20W,LEC,1,3,3,13,24,"Susalis,Christopher R",24,232,12:30:00 PM,1:45:00 PM,TR,1/9/2023,5/6/2023,2232,HT,24067,39,,,
ITE, 119,50H,LEC,1,3,3,0,0,"Staff,Tba",25,428,7:00:00 PM,9:40:00 PM,R,1/9/2023,5/6/2023,2232,MAIN,23666,0,,FULL,
ITE, 119,B20H,LEC,1,3,3,10,24,"Meranda,Toni M",24,418,11:00:00 AM,12:15:00 PM,T,1/9/2023,5/6/2023,2232,MAIN,43548,30,,,
ITE, 119,B21H,LEC,1,3,3,14,24,"Meranda,Toni M",25,428,12:30:00 PM,1:15:00 PM,R,1/9/2023,5/6/2023,2232,MAIN,43554,42,,,
ITE, 119,D01,DED,1,3,3,24,24,"Holland,Robert L",30,TUAL,,,,1/9/2023,5/6/2023,2232,MAIN,23667,72,,FULL,
ITE, 119,D02,DED,1,3,3,24,24,"Holland,Robert L",30,TUAL,,,,1/9/2023,5/6/2023,2232,MAIN,23691,72,,FULL,
ITE, 119,D03,DED,12W,3,3,0,0,"Staff,Tba",30,TUAL,,,,2/7/2023,5/8/2023,2232,MAIN,24196,0,,FULL,
ITE, 119,D04,DED,12W,3,3,0,0,"Staff,Tba",30,TUAL,,,,2/7/2023,5/8/2023,2232,MAIN,24208,0,,FULL,
ITE, 119,D05,DED,8W2,3,3,0,0,"Staff,Tba",30,TUAL,,,,3/13/2023,5/6/2023,2232,MAIN,23783,0,,FULL,
ITE, 120,B40W,LEC,8W2,3,3,3,24,"Decker,Lloyd Raymond",24,232,5:00:00 PM,7:40:00 PM,M,3/13/2023,5/6/2023,2232,HT,24174,9,,,
ITE, 120,D01,DED,12W,3,3,23,24,"Aukland,Cheryl A",30,TUAL,,,,2/7/2023,5/8/2023,2232,MAIN,23951,69,,,
ITE, 120,D02,DED,8W1,3,3,23,24,"Aukland,Cheryl A",30,TUAL,,,,1/9/2023,3/4/2023,2232,MAIN,24173,69,,,
ITE, 120,D03,DED,8W2,3,3,10,24,"Decker,Lloyd Raymond",30,TUAL,,,,3/13/2023,5/6/2023,2232,MAIN,24579,30,,,
ITE, 140,D01,DED,12W,3,3,22,24,"Jones,Doretha",30,TUAL,,,,2/7/2023,5/8/2023,2232,MAIN,23917,66,,,
ITE, 160,D01,DED,1,3,3,0,0,"Staff,Tba",30,TUAL,,,,1/9/2023,5/6/2023,2232,MAIN,23977,0,,FULL,
ITE, 160,DJ01,DED,8W2,3,3,0,0,"Staff,Tba",30,TUAL,,,,3/13/2023,5/6/2023,2232,MAIN,24637,0,,FULL,
ITE, 221,D01,DED,1,3,3,24,24,"Mann,Michael D",30,TUAL,,,,1/9/2023,5/6/2023,2232,MAIN,23753,72,,FULL,
ITE, 221,D02,DED,1,3,3,12,24,"Mann,Michael D",30,TUAL,,,,1/9/2023,5/6/2023,2232,MAIN,52807,36,,,
ITN, 109,20W,LEC,1,3,3,8,16,"Mann,Michael D",16,237,9:30:00 AM,12:15:00 PM,T,1/9/2023,5/6/2023,2232,HT,23952,24,,,
ITN, 109,D01,DED,8W1,3,3,24,24,"Mann,Michael D",30,TUAL,,,,1/9/2023,3/4/2023,2232,MAIN,23960,72,,FULL,
ITN, 156,B50W,LEC,8W1,4,4,3,16,"Mann,Michael D",16,237,7:00:00 PM,9:40:00 PM,TR,1/9/2023,3/4/2023,2232,HT,52457,12,,,
ITN, 170,D01,DED,1,3,3,8,24,"Pierce,Nicholas Allen",30,TUAL,,,,1/9/2023,5/6/2023,2232,MAIN,24287,24,,,
ITN, 257,D01,DED,1,3,3,6,24,"Pierce,Nicholas Allen",30,TUAL,,,,1/9/2023,5/6/2023,2232,MAIN,30442,18,,,
ITN, 260,B50H,LEC,8W2,3,3,4,24,"Pierce,Nicholas Allen",24,404,5:00:00 PM,7:40:00 PM,T,3/13/2023,5/6/2023,2232,MAIN,24089,12,,,
ITN, 260,D01,DED,1,3,3,15,24,"Spencer,Darren",30,TUAL,,,,1/9/2023,5/6/2023,2232,MAIN,23953,45,,,
ITN, 262,D01,DED,1,4,4,24,24,"Goergen,Daniel Joseph",30,TUAL,,,,1/9/2023,5/6/2023,2232,MAIN,24071,96,,FULL,
ITN, 262,D02,DED,1,4,4,17,24,"Goergen,Daniel Joseph",30,TUAL,,,,1/9/2023,5/6/2023,2232,MAIN,24209,68,,,
ITN, 263,D01,DED,1,4,4,33,30,"Mann,Michael D",30,TUAL,,,,1/9/2023,5/6/2023,2232,MAIN,23809,132,,FULL,OVER
ITN, 266,D01,DED,8W1,3,3,33,30,"Foster,Stephen W",30,TUAL,,,,1/9/2023,3/4/2023,2232,MAIN,23810,99,,FULL,OVER
ITN, 267,DN40,DED,DYN,3,3,2,3,"Snider,David J",30,TUAL,,,,1/17/2023,3/6/2023,2232,MAIN,54630,6,,,
ITP, 100,B50H,LEC,1,3,3,21,24,"Goldstein,Mark Jonathan",25,428,7:00:00 PM,8:15:00 PM,T,1/9/2023,5/6/2023,2232,MAIN,24290,63,,,
ITP, 100,D01,DED,1,3,3,24,24,"Goldstein,Mark Jonathan",30,TUAL,,,,1/9/2023,5/6/2023,2232,MAIN,23631,72,,FULL,
ITP, 258,D01,DED,1,3,3,24,24,"Meranda,Toni M",30,TUAL,,,,1/9/2023,5/6/2023,2232,MAIN,23932,72,,FULL,
ITP, 258,D02,DED,1,3,3,21,24,"Meranda,Toni M",30,TUAL,,,,1/9/2023,5/6/2023,2232,MAIN,24213,63,,,
MAC, 121,30H,LEC,1,2,2,0,16,"Morris Jr.,Edward W",16,1116,10:30:00 AM,1:00:00 PM,F,1/9/2023,5/6/2023,2232,MAIN,40301,0,,,
MAC, 162,30HL,LAB,1,3,0,0,16,"Rollins,Forrest Lee",16,1120,10:15:00 AM,1:00:00 PM,F,1/9/2023,5/6/2023,2232,MAIN,40300,0,,,
MAC, 162,30HL,LAB,1,3,0,0,16,"Rollins,Forrest Lee",16,1110,10:15:00 AM,1:00:00 PM,F,1/9/2023,5/6/2023,2232,MAIN,40300,0,DUP,,
MAC, 162,D01,DED,1,3,3,0,16,"Morris Jr.,Edward W",30,TUAL,,,,1/9/2023,5/6/2023,2232,MAIN,40298,0,,,
MAC, 162,X01H,LEC,DYN,3,3,0,16,"Morris Jr.,Edward W",16,1110,7:40:00 AM,9:40:00 AM,M,1/2/2023,5/5/2023,2232,MAIN,24085,0,,,
MAC, 162,X01H,LEC,DYN,3,0,0,16,"Morris Jr.,Edward W",16,1120,7:40:00 AM,9:40:00 AM,M,1/2/2023,5/5/2023,2232,MAIN,24085,0,DUP,,
MAC, 162,X01L,LAB,DYN,3,0,0,16,"Rollins,Forrest Lee",16,1110,7:40:00 AM,9:50:00 AM,W,1/2/2023,5/5/2023,2232,MAIN,24148,0,,,
MAC, 162,X01L,LAB,DYN,3,0,0,16,"Rollins,Forrest Lee",16,1120,7:40:00 AM,9:50:00 AM,W,1/2/2023,5/5/2023,2232,MAIN,24148,0,DUP,,
MAC, 198,01H,LEC,1,3,3,0,16,"Morris Jr.,Edward W",16,1116,10:30:00 AM,1:00:00 PM,W,1/9/2023,5/6/2023,2232,MAIN,40302,0,,,
MAC, 198,01H,LEC,1,3,0,0,16,"Rollins,Forrest Lee",16,1116,10:30:00 AM,1:00:00 PM,W,1/9/2023,5/6/2023,2232,MAIN,40302,0,DUP,,
MDE,  10,20H,LEC,1,3,3,5,18,"Stephens,Laura Angelica",30,431,11:00:00 AM,12:15:00 PM,TR,1/9/2023,5/6/2023,2232,MAIN,38543,15,,,
MDE,  10,40H,LEC,1,3,3,8,18,"Cannon,Tiffany Thomas",24,309,4:00:00 PM,5:15:00 PM,MW,1/9/2023,5/6/2023,2232,MAIN,23515,24,,,
MDE,  10,B40H,LEC,12W,3,3,1,18,"Cannon,Tiffany Thomas",25,TBA,5:30:00 PM,6:45:00 PM,MW,2/7/2023,5/8/2023,2232,MAIN,38546,3,,,
MDE,  10,D01,DED,1,3,3,11,18,"Struble,Elizabeth Marie",30,TUAL,,,,1/9/2023,5/6/2023,2232,MAIN,23516,33,,,
MDE,  10,D02,DED,12W,3,3,3,18,"Maria Fagundez,Sergio",30,TUAL,,,,2/7/2023,5/8/2023,2232,MAIN,23517,9,,,
MDE,  10,D03,DED,8W2,3,3,4,18,"Cannon,Tiffany Thomas",30,TUAL,,,,3/13/2023,5/6/2023,2232,MAIN,38548,12,,,
MDE,  54,BG1H,LEC,1,3,3,3,24,"Feygelson,Rimma",32,311,3:00:00 PM,4:15:00 PM,M,1/9/2023,5/6/2023,2232,MAIN,38567,9,,,
MDE,  54,DG01,DED,1,3,3,7,24,"Feygelson,Rimma",30,TUAL,,,,1/9/2023,5/6/2023,2232,MAIN,23535,21,,,
MDE,  54,DRG1,DED,1,3,3,6,24,"Feygelson,Rimma",30,TUAL,3:00:00 PM,4:15:00 PM,M,1/9/2023,5/6/2023,2232,MAIN,38568,18,,,
MDE,  54,G20W,LEC,1,3,3,6,24,"Maule,Amanda Lynne",24,202,11:00:00 AM,12:15:00 PM,TR,1/9/2023,5/6/2023,2232,HT,23523,18,,,
MDE,  54,G50H,LEC,1,3,3,12,24,"Vance,Jason A",40,134,5:30:00 PM,6:45:00 PM,TR,1/9/2023,5/6/2023,2232,MAIN,23524,36,,,
MDE,  60,05W,LEC,1,3,3,8,18,"Struble,Elizabeth Marie",24,204,11:00:00 AM,12:15:00 PM,MW,1/9/2023,5/6/2023,2232,HT,23518,24,,,
MDE,  60,20H,LEC,1,3,3,18,18,"Stephens,Laura Angelica",30,431,12:30:00 PM,1:45:00 PM,TR,1/9/2023,5/6/2023,2232,MAIN,23534,54,,FULL,
MDE,  60,D01,DED,1,3,3,11,18,"Struble,Elizabeth Marie",30,TUAL,,,,1/9/2023,5/6/2023,2232,MAIN,38594,33,,,
MDE,  60,D02,DED,12W,3,3,0,18,"Struble,Elizabeth Marie",30,TUAL,,,,2/7/2023,5/8/2023,2232,MAIN,23520,0,,,
MDE,  60,D03,DED,12W,3,3,2,18,"Collier,Amanda Michelle",30,TUAL,,,,2/7/2023,5/8/2023,2232,MAIN,38595,6,,,
MDE,  60,D04,DED,8W2,3,3,3,18,"Collier,Amanda Michelle",30,TUAL,,,,3/13/2023,5/6/2023,2232,MAIN,23538,9,,,
MDE,  60,D05,DED,1,3,3,2,18,"Struble,Elizabeth Marie",30,TUAL,,,,1/9/2023,5/6/2023,2232,MAIN,23521,6,,,
MDE,  60,DR05,DED,1,3,3,7,18,"Struble,Elizabeth Marie",30,TUAL,11:00:00 AM,12:15:00 PM,MW,1/9/2023,5/6/2023,2232,MAIN,38596,21,,,
MDE,  60,DR40,DED,1,3,3,9,18,"Staff,Tba",30,TUAL,5:30:00 PM,6:45:00 PM,MW,1/9/2023,5/6/2023,2232,MAIN,23519,27,,,
MDE,  60,DR50,DED,1,3,3,9,18,"Collier,Amanda Michelle",30,TUAL,7:00:00 PM,8:15:00 PM,TR,1/9/2023,5/6/2023,2232,MAIN,23522,27,,,
MDE,  61,DG01,DED,1,3,3,5,24,"Maria Fagundez,Sergio",30,TUAL,,,,1/9/2023,5/6/2023,2232,MAIN,23536,15,,,
MDE,  61,DG02,DED,1,3,3,10,24,"Kelso,Elizabeth Ann",30,TUAL,,,,1/9/2023,5/6/2023,2232,MAIN,23537,30,,,
MDE,  61,DG03,DED,1,3,3,1,24,"Kelso,Elizabeth Ann",30,TUAL,,,,1/9/2023,5/6/2023,2232,HT,38970,3,,,
MDE,  61,DRG1,DED,1,3,3,3,24,"Maria Fagundez,Sergio",30,TUAL,9:30:00 AM,10:45:00 AM,MW,1/9/2023,5/6/2023,2232,MAIN,38940,9,,,
MDE,  61,DRG3,DED,1,3,3,1,24,"Kelso,Elizabeth Ann",30,TUAL,9:30:00 AM,10:45:00 AM,TR,1/9/2023,5/6/2023,2232,HT,38979,3,,,
MDE,  61,G01H,LEC,1,3,3,11,24,"Maria Fagundez,Sergio",32,311,9:30:00 AM,10:45:00 AM,MW,1/9/2023,5/6/2023,2232,MAIN,23526,33,,,
MDE,  61,G03W,LEC,1,3,3,11,24,"Kelso,Elizabeth Ann",24,205,9:30:00 AM,10:45:00 AM,TR,1/9/2023,5/6/2023,2232,HT,38968,33,,,
MDE,  61,G20H,LEC,1,3,3,7,24,"Stephens,Laura Angelica",36,130,9:30:00 AM,10:45:00 AM,TR,1/9/2023,5/6/2023,2232,MAIN,23525,21,,,
MDE,  61,G21H,LEC,1,3,3,8,24,"Tessier,Paul Edward",25,428,11:00:00 AM,12:15:00 PM,TR,1/9/2023,5/6/2023,2232,MAIN,38962,24,,,
MEC, 131,D01,DED,1,3,3,15,20,"Morris Jr.,Edward W",30,TUAL,,,,1/9/2023,5/6/2023,2232,MAIN,24096,45,,,
MEC, 133,D01,DED,1,2,2,9,20,"Mohammed,Yousuf Shaker",30,TUAL,,,,1/9/2023,5/6/2023,2232,MAIN,24482,18,,,
MEC, 155,01H,LEC,1,3,3,4,14,"Young,Julie A",25,NHTC,11:00:00 AM,11:50:00 AM,W,1/9/2023,5/6/2023,2232,MAIN,46276,12,,,
MEC, 155,B01L,LAB,1,3,0,4,14,"Wilcox IV,Clarence Richard",25,NHTC,12:00:00 PM,2:50:00 PM,W,1/9/2023,5/6/2023,2232,MAIN,46279,0,,,
MEC, 155,B01L,LAB,1,3,0,0,14,"Young,Julie A",25,NHTC,12:00:00 PM,2:50:00 PM,W,1/9/2023,5/6/2023,2232,MAIN,46279,0,DUP,,
MEC, 155,BC9L,LAB,1,3,0,1,2,"Wilcox IV,Clarence Richard",25,NHTC,12:00:00 PM,2:50:00 PM,W,1/9/2023,5/6/2023,2232,MAIN,54733,0,,,
MEC, 155,BC9L,LAB,1,3,0,0,2,"Young,Julie A",25,NHTC,12:00:00 PM,2:50:00 PM,W,1/9/2023,5/6/2023,2232,MAIN,54733,0,DUP,,
MEC, 155,C90H,LEC,1,3,3,1,2,"Young,Julie A",25,NHTC,11:00:00 AM,11:50:00 AM,W,1/9/2023,5/6/2023,2232,MAIN,54732,3,,,
MEC, 165,01H,LEC,1,3,3,6,16,"Young,Julie A",25,NHTC,10:00:00 AM,11:50:00 AM,M,1/9/2023,5/6/2023,2232,MAIN,23926,18,,,
MEC, 165,01HL,LAB,1,3,0,6,16,"Wilcox IV,Clarence Richard",25,NHTC,12:00:00 PM,2:30:00 PM,M,1/9/2023,5/6/2023,2232,MAIN,24143,0,,,
MEC, 165,X02H,LEC,1,3,3,12,16,"Young,Julie A",25,NHTC,12:15:00 PM,2:35:00 PM,M,1/9/2023,5/6/2023,2232,MAIN,24146,36,,,
MEC, 165,X02L,LAB,1,3,0,12,16,"Wilcox IV,Clarence Richard",25,NHTC,12:15:00 PM,2:35:00 PM,WF,1/18/2023,5/6/2023,2232,MAIN,24147,0,,,
MEC, 165,X02L,LAB,1,3,0,0,16,"Young,Julie A",25,NHTC,12:15:00 PM,2:35:00 PM,WF,1/18/2023,5/6/2023,2232,MAIN,24147,0,DUP,,
MEC, 195,Z01H,LEC,DYN,3,3,172,30,"Morris Jr.,Edward W",30,VAST,8:00:00 AM,10:50:00 AM,F,11/28/2022,4/10/2023,2232,MAIN,24224,516,,FULL,OVER
MTH, 111,D01,DED,1,3,3,13,28,"Indika,S H Sathish",30,TUAL,,,,1/9/2023,5/6/2023,2232,MAIN,24002,39,,,
MTH, 130,D01,DED,1,3,3,34,34,"Indika,S H Sathish",30,TUAL,,,,1/9/2023,5/6/2023,2232,MAIN,23635,102,,FULL,OVER
MTH, 154,01H,LEC,1,3,3,23,24,"Filsinger,Michael D",30,156,9:30:00 AM,10:45:00 AM,MW,1/9/2023,5/6/2023,2232,MAIN,23973,69,,,
MTH, 154,01W,LEC,1,3,3,22,24,"Maule,Amanda Lynne",24,204,2:00:00 PM,3:15:00 PM,MW,1/9/2023,5/6/2023,2232,HT,24387,66,,,
MTH, 154,02H,LEC,1,3,3,23,24,"Filsinger,Michael D",30,156,11:00:00 AM,12:15:00 PM,MW,1/9/2023,5/6/2023,2232,MAIN,24003,69,,,
MTH, 154,20H,LEC,1,3,3,22,24,"Filsinger,Michael D",40,139,8:00:00 AM,9:15:00 AM,TR,1/9/2023,5/6/2023,2232,MAIN,23972,66,,,
MTH, 154,20W,LEC,1,3,3,22,24,"Kelso,Elizabeth Ann",24,203,2:00:00 PM,3:15:00 PM,TR,1/9/2023,5/6/2023,2232,HT,24009,66,,,
MTH, 154,21H,LEC,1,3,3,24,24,"Filsinger,Michael D",30,156,12:30:00 PM,1:45:00 PM,TR,1/9/2023,5/6/2023,2232,MAIN,24006,72,,FULL,
MTH, 154,22H,LEC,1,3,3,9,24,"Varbalow,Julia Lynne",25,428,4:00:00 PM,5:15:00 PM,TR,1/9/2023,5/6/2023,2232,MAIN,23980,27,,,
MTH, 154,41S,LEC,8W1,3,3,6,24,"Townes,Anthony Whitney",25,SEC,5:30:00 PM,8:15:00 PM,MW,1/9/2023,3/4/2023,2232,MAIN,43007,18,,,
MTH, 154,42S,LEC,8W2,3,3,1,24,"Townes,Anthony Whitney",25,SEC,5:30:00 PM,8:15:00 PM,MW,3/13/2023,5/6/2023,2232,MAIN,43009,3,,,
MTH, 154,B01H,LEC,12W,3,3,3,28,"Indika,S H Sathish",48,131,8:00:00 AM,9:15:00 AM,MW,2/7/2023,5/8/2023,2232,MAIN,40729,9,,,
MTH, 154,BG1H,LEC,1,3,3,3,24,"Feygelson,Rimma",32,311,3:00:00 PM,4:15:00 PM,W,1/9/2023,5/6/2023,2232,MAIN,38989,9,,,
MTH, 154,D01,DED,1,3,3,28,28,"Feygelson,Rimma",30,TUAL,,,,1/9/2023,5/6/2023,2232,MAIN,24007,84,,FULL,
MTH, 154,D02,DED,1,3,3,28,28,"Feygelson,Rimma",30,TUAL,,,,1/9/2023,5/6/2023,2232,MAIN,24008,84,,FULL,
MTH, 154,D03,DED,1,3,3,28,28,"Feygelson,Rimma",30,TUAL,,,,1/9/2023,5/6/2023,2232,MAIN,24258,84,,FULL,
MTH, 154,D04,DED,12W,3,3,10,28,"Feygelson,Rimma",30,TUAL,,,,2/7/2023,5/8/2023,2232,MAIN,24083,30,,,
MTH, 154,D05,DED,12W,3,3,28,28,"Hewitt,Shauna Lynn",30,TUAL,,,,2/7/2023,5/8/2023,2232,MAIN,24130,84,,FULL,
MTH, 154,D06,DED,8W1,3,3,28,28,"Maule,Amanda Lynne",30,TUAL,,,,1/9/2023,3/4/2023,2232,MAIN,24280,84,,FULL,
MTH, 154,D07,DED,8W2,3,3,15,28,"Maule,Amanda Lynne",30,TUAL,,,,3/13/2023,5/6/2023,2232,MAIN,24617,45,,,
MTH, 154,D08,DED,8W2,3,3,11,28,"Hewitt,Shauna Lynn",30,TUAL,,,,3/13/2023,5/6/2023,2232,MAIN,38988,33,,,
MTH, 154,DG01,DED,1,3,3,8,24,"Feygelson,Rimma",30,TUAL,,,,1/9/2023,5/6/2023,2232,MAIN,24518,24,,,
MTH, 154,DRG1,DED,1,3,3,7,24,"Feygelson,Rimma",30,TUAL,3:00:00 PM,4:15:00 PM,W,1/9/2023,5/6/2023,2232,MAIN,38990,21,,,
MTH, 154,G20W,LEC,1,3,3,7,24,"Maule,Amanda Lynne",24,202,12:30:00 PM,1:45:00 PM,TR,1/9/2023,5/6/2023,2232,HT,24004,21,,,
MTH, 154,G50H,LEC,1,3,3,12,24,"Townes,Anthony Whitney",40,134,7:00:00 PM,8:15:00 PM,TR,1/9/2023,5/6/2023,2232,MAIN,24005,36,,,
MTH, 155,20H,LEC,1,3,3,28,28,"Schmidt,Amy D",30,156,9:30:00 AM,10:45:00 AM,TR,1/9/2023,5/6/2023,2232,MAIN,23782,84,,FULL,
MTH, 155,D01,DED,1,3,3,28,28,"Schmidt,Amy D",30,TUAL,,,,1/9/2023,5/6/2023,2232,MAIN,23823,84,,FULL,
MTH, 155,D02,DED,8W1,3,3,20,28,"Schmidt,Amy D",30,TUAL,,,,1/9/2023,3/4/2023,2232,MAIN,24138,60,,,
MTH, 155,D03,DED,8W2,3,3,6,28,"Schmidt,Amy D",30,TUAL,,,,3/13/2023,5/6/2023,2232,MAIN,24622,18,,,
MTH, 161,01H,LEC,1,3,3,24,26,"Hicks,Betty J",36,130,8:00:00 AM,9:15:00 AM,MW,1/9/2023,5/6/2023,2232,MAIN,23622,72,,,
MTH, 161,01W,LEC,1,3,3,25,28,"Wells,Steven Edward",28,235,8:00:00 AM,9:15:00 AM,MW,1/9/2023,5/6/2023,2232,HT,24281,75,,,
MTH, 161,02H,LEC,1,3,3,27,28,"Hicks,Betty J",36,130,9:30:00 AM,10:45:00 AM,MW,1/9/2023,5/6/2023,2232,MAIN,23576,81,,,
MTH, 161,07W,LEC,1,3,3,12,24,"Struble,Elizabeth Marie",24,204,9:30:00 AM,10:45:00 AM,MW,1/9/2023,5/6/2023,2232,HT,24388,36,,,
MTH, 161,40H,LEC,1,3,3,0,0,"Staff,Tba",36,130,5:30:00 PM,6:45:00 PM,MW,1/9/2023,5/6/2023,2232,MAIN,23577,0,,FULL,
MTH, 161,50H,LEC,1,3,3,20,28,"Townes,Anthony Whitney",36,130,5:30:00 PM,6:45:00 PM,TR,1/9/2023,5/6/2023,2232,MAIN,23578,60,,,
MTH, 161,B20H,LEC,12W,3,3,3,28,"Indika,S H Sathish",48,141,11:00:00 AM,12:15:00 PM,TR,2/7/2023,5/8/2023,2232,MAIN,23590,9,,,
MTH, 161,B21H,LEC,12W,3,3,5,28,"Indika,S H Sathish",48,141,12:30:00 PM,1:45:00 PM,TR,2/7/2023,5/8/2023,2232,MAIN,24486,15,,,
MTH, 161,D01,DED,1,3,3,26,28,"Kelso,Elizabeth Ann",30,TUAL,,,,1/9/2023,5/6/2023,2232,MAIN,23639,78,,,
MTH, 161,D02,DED,1,3,3,17,28,"Maule,Amanda Lynne",30,TUAL,,,,1/9/2023,5/6/2023,2232,MAIN,24282,51,,,
MTH, 161,D03,DED,1,3,3,12,28,"Maria Fagundez,Sergio",30,TUAL,,,,1/9/2023,5/6/2023,2232,MAIN,23722,36,,,
MTH, 161,D04,DED,12W,3,3,0,0,"Delmage,Erin Kathleen",30,TUAL,,,,2/7/2023,5/8/2023,2232,MAIN,24176,0,,FULL,
MTH, 161,D05,DED,8W1,3,3,16,28,"Edradan,Alberto Omni",30,TUAL,,,,1/9/2023,3/4/2023,2232,MAIN,24012,48,,,
MTH, 161,D06,DED,8W2,3,3,6,28,"Marple,Christopher R",30,TUAL,,,,3/13/2023,5/6/2023,2232,MAIN,24013,18,,,
MTH, 161,D07,DED,1,3,3,9,24,"Struble,Elizabeth Marie",30,TUAL,,,,1/9/2023,5/6/2023,2232,HT,24283,27,,,
MTH, 161,DG01,DED,1,3,3,5,24,"Maria Fagundez,Sergio",30,TUAL,,,,1/9/2023,5/6/2023,2232,MAIN,24519,15,,,
MTH, 161,DG02,DED,1,3,3,10,24,"Kelso,Elizabeth Ann",30,TUAL,,,,1/9/2023,5/6/2023,2232,MAIN,24520,30,,,
MTH, 161,DG03,DED,1,3,3,1,24,"Kelso,Elizabeth Ann",30,TUAL,,,,1/9/2023,5/6/2023,2232,HT,39746,3,,,
MTH, 161,DR07,DED,1,3,3,3,24,"Struble,Elizabeth Marie",30,TUAL,9:30:00 AM,10:45:00 AM,MW,1/9/2023,5/6/2023,2232,HT,39742,9,,,
MTH, 161,DRG1,DED,1,3,3,3,24,"Maria Fagundez,Sergio",30,TUAL,11:00:00 AM,12:15:00 PM,MW,1/9/2023,5/6/2023,2232,MAIN,39743,9,,,
MTH, 161,DRG3,DED,1,3,3,1,24,"Kelso,Elizabeth Ann",30,TUAL,11:00:00 AM,12:15:00 PM,TR,1/9/2023,5/6/2023,2232,HT,39747,3,,,
MTH, 161,G01H,LEC,1,3,3,11,24,"Maria Fagundez,Sergio",32,311,11:00:00 AM,12:15:00 PM,MW,1/9/2023,5/6/2023,2232,MAIN,24014,33,,,
MTH, 161,G03W,LEC,1,3,3,11,24,"Kelso,Elizabeth Ann",24,205,11:00:00 AM,12:15:00 PM,TR,1/9/2023,5/6/2023,2232,HT,39744,33,,,
MTH, 161,G20H,LEC,1,3,3,7,24,"Schmidt,Amy D",36,130,11:00:00 AM,12:15:00 PM,TR,1/9/2023,5/6/2023,2232,MAIN,24015,21,,,
MTH, 161,G21H,LEC,1,3,3,8,24,"Tessier,Paul Edward",28,406,9:30:00 AM,10:45:00 AM,TR,1/9/2023,5/6/2023,2232,MAIN,39749,24,,,
MTH, 162,01W,LEC,1,3,3,15,28,"Varbalow,Julia Lynne",40,328,11:00:00 AM,12:15:00 PM,MW,1/9/2023,5/6/2023,2232,HT,24293,45,,,
MTH, 162,20H,LEC,1,3,3,21,28,"Varbalow,Julia Lynne",29,314,11:00:00 AM,12:15:00 PM,TR,1/9/2023,5/6/2023,2232,MAIN,23966,63,,,
MTH, 162,D01,DED,1,3,3,7,28,"Varbalow,Julia Lynne",30,TUAL,,,,1/9/2023,5/6/2023,2232,HT,23643,21,,,
MTH, 162,D02,DED,8W2,3,3,23,28,"Edradan,Alberto Omni",30,TUAL,,,,3/13/2023,5/6/2023,2232,MAIN,23737,69,,,
MTH, 162,D20,DED,1,3,3,5,28,"Varbalow,Julia Lynne",30,TUAL,,,,1/9/2023,5/6/2023,2232,MAIN,24139,15,,,
MTH, 162,DR01,DED,1,3,3,6,28,"Varbalow,Julia Lynne",30,TUAL,11:00:00 AM,12:15:00 PM,MW,1/9/2023,5/6/2023,2232,HT,23579,18,,,
MTH, 162,DR20,DED,1,3,3,2,28,"Varbalow,Julia Lynne",30,TUAL,11:00:00 AM,12:15:00 PM,TR,1/9/2023,5/6/2023,2232,MAIN,24378,6,,,
MTH, 245,01H,LEC,1,3,3,28,28,"Tessier,Paul Edward",40,134,11:00:00 AM,12:15:00 PM,MW,1/9/2023,5/6/2023,2232,MAIN,23624,84,,FULL,
MTH, 245,01W,LEC,1,3,3,24,28,"Kelso,Elizabeth Ann",40,328,9:30:00 AM,10:45:00 AM,MW,1/9/2023,5/6/2023,2232,HT,23623,72,,,
MTH, 245,02H,LEC,1,3,3,9,28,"Tessier,Paul Edward",40,134,9:30:00 AM,10:45:00 AM,MW,1/9/2023,5/6/2023,2232,MAIN,52415,27,,,
MTH, 245,D01,DED,1,3,3,26,28,"Golub,Tatiana",30,TUAL,,,,1/9/2023,5/6/2023,2232,MAIN,24150,78,,,
MTH, 245,D02,DED,1,3,3,17,28,"Golub,Tatiana",30,TUAL,,,,1/9/2023,5/6/2023,2232,MAIN,23908,51,,,
MTH, 245,D03,DED,1,3,3,17,28,"Tessier,Paul Edward",30,TUAL,,,,1/9/2023,5/6/2023,2232,MAIN,24131,51,,,
MTH, 245,D04,DED,8W1,3,3,14,28,"Kankanamge,Duminda G J",30,TUAL,,,,1/9/2023,3/4/2023,2232,MAIN,24132,42,,,
MTH, 245,D05,DED,8W2,3,3,4,28,"Kankanamge,Duminda G J",30,TUAL,,,,3/13/2023,5/6/2023,2232,MAIN,23625,12,,,
MTH, 245,DR20,DED,1,3,3,9,28,"Golub,Tatiana",30,TUAL,8:00:00 AM,9:15:00 AM,TR,1/9/2023,5/6/2023,2232,MAIN,24010,27,,,
MTH, 261,01H,LEC,1,3,3,15,27,"Filsinger,Michael D",29,314,2:00:00 PM,3:15:00 PM,MW,1/9/2023,5/6/2023,2232,MAIN,24011,45,,,
MTH, 261,20H,LEC,1,3,3,6,28,"Filsinger,Michael D",40,139,9:30:00 AM,10:45:00 AM,TR,1/9/2023,5/6/2023,2232,MAIN,52388,18,,,
MTH, 261,C90H,LEC,1,3,3,1,1,"Filsinger,Michael D",29,314,2:00:00 PM,3:15:00 PM,MW,1/9/2023,5/6/2023,2232,MAIN,52117,3,,FULL,
MTH, 261,D01,DED,1,3,3,6,27,"Filsinger,Michael D",30,TUAL,,,,1/9/2023,5/6/2023,2232,MAIN,23768,18,,,
MTH, 261,D02,DED,1,3,3,23,27,"Struble,Elizabeth Marie",30,TUAL,,,,1/9/2023,5/6/2023,2232,MAIN,24379,69,,,
MTH, 261,D03,DED,1,3,3,8,28,"Edradan,Alberto Omni",30,TUAL,,,,1/9/2023,5/6/2023,2232,MAIN,54405,24,,,
MTH, 261,DR01,DED,1,3,3,6,27,"Filsinger,Michael D",30,TUAL,2:00:00 PM,3:15:00 PM,MW,1/9/2023,5/6/2023,2232,MAIN,24464,18,,,
MTH, 263,20H,LEC,1,4,4,27,28,"Varbalow,Julia Lynne",48,141,2:00:00 PM,3:50:00 PM,TR,1/9/2023,5/6/2023,2232,MAIN,23580,108,,,
MTH, 263,D01,DED,1,4,4,8,28,"Golub,Tatiana",30,TUAL,,,,1/9/2023,5/6/2023,2232,MAIN,23642,32,,,
MTH, 263,D02,DED,12W,4,4,5,28,"Kankanamge,Duminda G J",30,TUAL,,,,2/7/2023,5/8/2023,2232,MAIN,24626,20,,,
MTH, 263,DR40,DED,1,4,4,7,28,"Varbalow,Julia Lynne",30,TUAL,5:00:00 PM,6:50:00 PM,MW,1/9/2023,5/6/2023,2232,MAIN,23626,28,,,
MTH, 264,D01,DED,1,4,4,22,28,"Indika,S H Sathish",30,TUAL,,,,1/9/2023,5/6/2023,2232,MAIN,23640,88,,,
MTH, 264,DR40,DED,1,4,4,25,28,"Maria Fagundez,Sergio",30,TUAL,7:00:00 PM,8:50:00 PM,MW,1/9/2023,5/6/2023,2232,MAIN,23967,100,,,
MTH, 265,DR50,DED,1,4,4,12,28,"Riggs,Robert Earl",30,TUAL,7:00:00 PM,8:50:00 PM,TR,1/9/2023,5/6/2023,2232,MAIN,39786,48,,,
MTH, 266,40H,LEC,1,3,3,2,28,"Tessier,Paul Edward",32,311,5:30:00 PM,6:45:00 PM,MW,1/9/2023,5/6/2023,2232,MAIN,24561,6,,,
MTH, 266,D40,DED,1,3,3,6,28,"Tessier,Paul Edward",30,TUAL,,,,1/9/2023,5/6/2023,2232,MAIN,24601,18,,,
MTH, 266,DR40,DED,1,3,3,0,28,"Tessier,Paul Edward",30,TUAL,5:30:00 PM,6:45:00 PM,MW,1/9/2023,5/6/2023,2232,MAIN,24606,0,,,
MTH, 267,D01,DED,1,3,3,12,28,"Indika,S H Sathish",30,TUAL,,,,1/9/2023,5/6/2023,2232,MAIN,23659,36,,,
NAS, 206,01H,LEC,1,3,3,5,10,"Evans,Ann S",20,416,11:00:00 AM,12:15:00 PM,MW,1/9/2023,5/6/2023,2232,MAIN,23889,15,,,
NAS, 206,50H,LEC,1,3,3,4,10,"Weygand,Dennis P",20,416,7:00:00 PM,9:40:00 PM,T,1/9/2023,5/6/2023,2232,MAIN,24500,12,,,
NAS, 206,B01H,LEC,8W2,3,3,4,10,"LeMay,Lynsey Ellis",24,422,9:00:00 AM,12:15:00 PM,W,3/13/2023,5/6/2023,2232,MAIN,54315,12,,,
NAS, 206,DR01,DED,1,3,3,10,10,"Song,Pengfei",30,TUAL,9:30:00 AM,10:45:00 AM,MW,1/9/2023,5/6/2023,2232,MAIN,24446,30,,FULL,
PHY, 100,01H,LEC,1,4,4,0,0,"Staff,Tba",24,309,8:00:00 AM,9:15:00 AM,MW,1/9/2023,5/6/2023,2232,MAIN,36226,0,,FULL,
PHY, 100,20HL,LAB,1,0,0,0,0,"Staff,Tba",24,400,8:00:00 AM,9:15:00 AM,TR,1/9/2023,5/6/2023,2232,MAIN,36227,0,,FULL,
PHY, 100,D01,DED,1,4,4,11,24,"Kuchina,Elena",30,TUAL,,,,1/9/2023,5/6/2023,2232,MAIN,36228,44,,,
PHY, 100,D01L,LAB,1,4,0,11,24,"Kuchina,Elena",30,TUAL,,,,1/9/2023,5/6/2023,2232,MAIN,36229,0,,,
PHY, 141,50W,LEC,1,4,4,7,24,"Anderson Jr.,William Michael",24,326,5:30:00 PM,6:45:00 PM,TR,1/9/2023,5/6/2023,2232,HT,23955,28,,,
PHY, 141,50WL,LAB,1,0,0,7,24,"Anderson Jr.,William Michael",24,236,7:00:00 PM,9:40:00 PM,R,1/9/2023,5/6/2023,2232,HT,23956,0,,,
PHY, 141,D01,DED,1,4,4,24,24,"Anderson Jr.,William Michael",30,TUAL,,,,1/9/2023,5/6/2023,2232,MAIN,24270,96,,FULL,
PHY, 141,D01L,LAB,1,4,0,24,24,"Anderson Jr.,William Michael",30,TUAL,,,,1/9/2023,5/6/2023,2232,MAIN,24271,0,,FULL,
PHY, 142,D01,DED,1,4,4,16,24,"Vandenheuvel,Andrew D",30,TUAL,,,,1/9/2023,5/6/2023,2232,MAIN,24192,64,,,
PHY, 142,D01L,LAB,1,4,0,16,24,"Vandenheuvel,Andrew D",30,TUAL,,,,1/9/2023,5/6/2023,2232,MAIN,24193,0,,,
PHY, 201,40H,LEC,1,4,4,3,24,"Staff,Tba",24,422,5:30:00 PM,6:45:00 PM,MW,1/9/2023,5/6/2023,2232,MAIN,54637,12,,,
PHY, 201,40HL,LAB,1,0,0,3,24,"Staff,Tba",24,400,7:00:00 PM,9:40:00 PM,W,1/9/2023,5/6/2023,2232,MAIN,54638,0,,,
PHY, 201,D01,DED,1,4,4,21,24,"Michaels,Robert Williams",30,TUAL,,,,1/9/2023,5/6/2023,2232,MAIN,24274,84,,,
PHY, 201,D01L,LAB,1,4,0,21,24,"Michaels,Robert Williams",30,TUAL,,,,1/9/2023,5/6/2023,2232,MAIN,24275,0,,,
PHY, 202,01W,LEC,1,4,4,0,0,"Staff,Tba",24,326,2:00:00 PM,3:15:00 PM,MW,1/9/2023,5/6/2023,2232,HT,24458,0,,FULL,
PHY, 202,01WL,LAB,1,0,0,0,0,"Staff,Tba",24,236,11:00:00 AM,1:45:00 PM,M,1/9/2023,5/6/2023,2232,HT,24459,0,,FULL,
PHY, 202,50H,LEC,1,4,4,1,24,"Michaels,Robert Williams",24,420,5:30:00 PM,6:45:00 PM,TR,1/9/2023,5/6/2023,2232,MAIN,23584,4,,,
PHY, 202,50HL,LAB,1,0,0,1,24,"Michaels,Robert Williams",24,400,7:00:00 PM,9:40:00 PM,T,1/9/2023,5/6/2023,2232,MAIN,23585,0,,,
PHY, 202,D01,DED,1,4,4,8,12,"Kuchina,Elena",30,TUAL,,,,1/9/2023,5/6/2023,2232,MAIN,50805,32,,,
PHY, 202,D01L,LAB,1,4,0,8,12,"Kuchina,Elena",30,TUAL,,,,1/9/2023,5/6/2023,2232,MAIN,50808,0,,,
PHY, 202,DC90,DED,1,4,4,0,12,"Kuchina,Elena",30,TUAL,,,,1/9/2023,5/6/2023,2232,MAIN,50824,0,,,
PHY, 202,DC9L,LAB,1,4,0,0,12,"Kuchina,Elena",30,TUAL,,,,1/9/2023,5/6/2023,2232,MAIN,50825,0,,,
PHY, 241,50H,LEC,1,4,4,2,24,"Staff,Tba",24,422,5:30:00 PM,6:45:00 PM,TR,1/9/2023,5/6/2023,2232,MAIN,23738,8,,,
PHY, 241,50HL,LAB,1,0,0,2,24,"Staff,Tba",24,400,7:00:00 PM,9:40:00 PM,R,1/9/2023,5/6/2023,2232,MAIN,23739,0,,,
PHY, 241,D01,DED,1,4,4,22,23,"Kuchina,Elena",30,TUAL,,,,1/9/2023,5/6/2023,2232,MAIN,24276,88,,,
PHY, 241,D01L,LAB,1,4,0,22,23,"Kuchina,Elena",30,TUAL,,,,1/9/2023,5/6/2023,2232,MAIN,24277,0,,,
PHY, 241,DC90,DED,1,4,4,1,1,"Kuchina,Elena",30,TUAL,,,,1/9/2023,5/6/2023,2232,MAIN,54859,4,,FULL,
PHY, 241,DC9L,LAB,1,4,0,1,1,"Kuchina,Elena",30,TUAL,,,,1/9/2023,5/6/2023,2232,MAIN,54861,0,,FULL,
PHY, 242,40H,LEC,1,4,4,9,24,"Weygand,Dennis P",24,420,5:30:00 PM,6:45:00 PM,MW,1/9/2023,5/6/2023,2232,MAIN,23586,36,,,
PHY, 242,40HL,LAB,1,0,0,9,24,"Weygand,Dennis P",24,400,7:00:00 PM,9:40:00 PM,M,1/9/2023,5/6/2023,2232,MAIN,23587,0,,,
PHY, 242,D01,DED,1,4,4,7,24,"Kuchina,Elena",30,TUAL,,,,1/9/2023,5/6/2023,2232,MAIN,24278,28,,,
PHY, 242,D01L,LAB,1,4,0,7,24,"Kuchina,Elena",30,TUAL,,,,1/9/2023,5/6/2023,2232,MAIN,24279,0,,,
SAF, 130,D01,DED,1,1,1,0,12,"Morris Jr.,Edward W",30,TUAL,,,,1/9/2023,5/6/2023,2232,MAIN,40303,0,,,
UMS, 107,B40H,LEC,8W1,3,3,4,16,"Bellows,Alan Scott",16,319,5:45:00 PM,8:15:00 PM,M,1/9/2023,3/4/2023,2232,MAIN,24079,12,,,
UMS, 107,DJ01,DED,8W1,3,3,2,13,"Young,Julie A",30,TUAL,,,,1/9/2023,3/4/2023,2232,MAIN,24342,6,,,
UMS, 111,B20W,LEC,8W1,3,3,2,8,"Berquist,Peter J",24,236,9:30:00 AM,12:15:00 PM,R,1/9/2023,3/4/2023,2232,HT,24638,6,,,
UMS, 111,B40H,LEC,8W2,3,3,5,10,"Bellows,Alan Scott",16,319,4:00:00 PM,6:50:00 PM,W,3/13/2023,5/6/2023,2232,MAIN,24543,15,,,
UMS, 111,B40H,LEC,8W2,3,0,0,10,"Young,Julie A",16,319,4:00:00 PM,6:50:00 PM,W,3/13/2023,5/6/2023,2232,MAIN,24543,0,DUP,,
UMS, 177,B50H,LEC,12W,3,3,5,8,"Sterk,Marius",16,319,4:00:00 PM,6:50:00 PM,T,2/7/2023,5/8/2023,2232,MAIN,24211,15,,,
UMS, 193,B01H,LEC,8W2,3,3,2,8,"Sterk,Marius",16,319,2:00:00 PM,4:50:00 PM,M,3/13/2023,5/6/2023,2232,MAIN,46313,6,,,
UMS, 211,B20W,LEC,8W2,3,3,0,8,"Berquist,Peter J",24,236,9:30:00 AM,12:15:00 PM,R,3/13/2023,5/6/2023,2232,HT,46314,0,,,
UMS, 295,B50H,LEC,12W,3,3,4,8,"Bellows,Alan Scott",16,319,4:00:00 PM,6:50:00 PM,R,2/7/2023,5/8/2023,2232,MAIN,24529,12,,,
UMS, 295,B50H,LEC,12W,3,0,0,8,"Staff,Tba",16,319,4:00:00 PM,6:50:00 PM,R,2/7/2023,5/8/2023,2232,MAIN,24529,0,DUP,,
UMS, 295,B50H,LEC,12W,3,0,0,8,"Young,Julie A",16,319,4:00:00 PM,6:50:00 PM,R,2/7/2023,5/8/2023,2232,MAIN,24529,0,DUP,,
